Name,Quantity,Avg. Price,LTP,Invested Value,Current Value,Profit/Loss,Profit/Loss %,Todays Profit/Loss,Todays Profit/Loss %,Yahoo Ticker,Price Source,Price Date,Last Refreshed,Technical Downloaded,Technical Status,Technical Score,Technical Note,RS Trend,RS vs 50D %,RS 3M %,RS Leader,RSI 14,P&F Signal,Above 50DMA,Above 200DMA,50DMA Distance %,200DMA Distance %,52W High Distance %,Technical Error
MANAKSIA ,837.0,75.28,58.84999847412109,63009.36,49257.44872283936,-13751.911277160643,-21.825187999307797,-2351.97114944458,-4.557251670847928,MANAKSIA.NS,MANAKSIA.NS,2026-10-01,2026-10-01T13:38+05:30,True,Risk review,0.0,Relative strength is above its 50-day average; p&f shows a bearish breakdown,"[100.0,98.45,101.75,103.27,98.7,95.85,98.17,95.92,96.18,96.68,95.87,96.14,95.77,94.23,96.89,96.3,96.66,95.85,94.64,92.96,94.01,93.5,94.23,96.32,93.66,92.7,93.93,93.05,91.47,91.53,90.83,90.69,90.43,91.66,90.84,89.71,90.28,90.48,91.13,89.6,90.41,90.34,89.43,88.62,87.28,87.45,87.55,87.33,87.85,88.38,88.55,89.63,88.95,90.46,91.1,90.3,91.77,91.67,91.38,92.61,91.44,91.01,91.17,89.92,88.91,88.13,87.91,89.61,90.11,89.85,91.04,92.32,98.68,104.3,106.2,104.4,111.58,112.27,109.91,104.07,102.5,101.95,100.4,103.69,105.41,103.7,104.1,99.24,102.72,99.52]",4.823323420026515,5.950195502033173,True,41.34,Bearish P&F breakdown,False,False,-2.314250429167841,-1.361581299098713,-17.0542621488032,
FCL ,999.0,51.46,55.20000076293945,51408.54,55144.800762176514,3736.260762176513,7.267782283209195,-2247.75,-3.916449034151204,FCL.NS,FCL.NS,2026-10-01,2026-10-01T13:38+05:30,True,Leader / hold,80.0,Price is above the 50dma; price is above the 200dma; relative strength is above its 50-day average; rsi is in a constructive momentum zone,"[100.0,97.59,102.74,106.34,110.11,113.82,106.79,106.42,100.59,103.85,100.68,98.66,101.95,106.55,110.51,114.08,110.21,110.27,114.64,110.56,108.95,104.5,98.13,99.09,96.62,100.67,98.85,94.11,93.7,92.89,94.26,92.04,89.88,89.16,97.02,95.82,97.11,98.12,99.48,100.21,106.46,100.46,100.77,101.86,97.76,94.04,97.59,96.42,94.83,95.33,103.51,102.97,104.39,105.49,104.41,101.76,106.7,106.72,108.07,110.93,106.94,116.34,121.63,119.05,123.66,118.67,122.15,123.43,120.24,121.99,119.72,127.82,141.19,145.3,146.07,147.3,144.81,138.05,135.95,134.45,143.43,140.26,144.4,142.13,143.98,155.69,150.04,153.04,151.76,147.95]",21.50877761344452,49.66337879274576,True,52.51,"Falling P&F column, wait for reversal",True,True,12.74897216677835,64.23592923855388,-8.763226318081042,
WELENT ,63.0,723.24,724.9500122070312,45564.12,45671.85076904297,107.73076904296612,0.2364377256555511,-1219.0484619140625,-2.5997549245318274,WELENT.NS,WELENT.NS,2026-10-01,2026-10-01T13:38+05:30,True,Leader / hold,80.0,Price is above the 50dma; price is above the 200dma; relative strength is above its 50-day average; rsi is in a constructive momentum zone,"[100.0,101.19,102.36,104.23,104.27,105.53,106.35,110.41,110.97,109.86,110.49,115.28,115.04,112.75,112.86,110.71,109.73,113.48,112.87,114.47,113.37,113.4,114.74,115.52,120.5,121.45,121.21,120.17,121.73,121.05,120.92,121.89,120.44,120.43,121.85,122.92,123.16,123.74,122.84,121.55,119.85,120.55,119.78,117.88,117.14,116.17,115.86,115.89,117.44,118.03,113.58,110.98,114.8,112.16,110.71,110.79,109.43,108.97,110.35,111.98,112.73,113.17,122.1,125.2,127.18,133.53,130.54,129.01,131.29,136.96,145.0,149.1,158.99,153.76,154.68,154.12,157.67,155.34,148.83,154.93,155.6,163.1,155.47,155.3,152.5,151.49,152.96,154.29,154.82,153.07]",15.350230817958167,26.28496412545598,True,47.27,"Falling P&F column, wait for reversal",True,True,6.9972169616854485,31.791564625226254,-11.951170983988902,
SMSPHARMA ,144.0,381.73,465.2000122070313,54969.12,66988.8017578125,12019.681757812496,21.86624373432301,-2044.79736328125,-2.9620320964207747,SMSPHARMA.NS,SMSPHARMA.NS,2026-10-01,2026-10-01T13:38+05:30,True,Leader / hold,100.0,Price is above the 50dma; price is above the 200dma; relative strength is above its 50-day average; rsi is in a constructive momentum zone; p&f shows a bullish breakout,"[100.0,101.4,101.62,100.94,99.48,100.66,99.16,97.94,102.61,103.49,104.63,107.28,107.5,106.19,103.27,102.22,101.79,100.98,102.07,100.6,103.08,102.3,102.37,103.89,112.11,110.37,112.15,113.32,112.53,113.35,109.52,109.07,106.62,105.67,106.12,104.04,102.91,103.4,101.9,102.6,103.35,103.96,102.89,104.48,101.29,104.85,99.36,98.74,94.98,95.41,95.68,94.23,99.48,97.18,98.89,96.26,94.95,94.62,93.67,94.32,93.43,93.14,93.07,92.36,92.64,93.05,94.38,92.36,96.15,96.49,98.44,98.46,103.53,105.41,105.48,108.23,111.33,123.59,111.7,109.72,111.59,118.43,124.75,129.38,128.54,129.5,130.09,128.52,134.71,132.68]",26.365329350783018,18.302035593328036,True,60.65,Bullish P&F breakout,True,True,17.442808592595437,23.38352746839931,-3.765389878392489,
SCHNEIDER ,90.0,1285.7,1263.5,115713.0,113715.0,-1998.0,-1.726685852065023,5408.997802734375,4.994181017671173,SCHNEIDER.NS,SCHNEIDER.NS,2026-10-01,2026-10-01T13:38+05:30,True,Leader / hold,80.0,Price is above the 50dma; price is above the 200dma; relative strength is above its 50-day average; rsi is in a constructive momentum zone,"[100.0,99.98,96.42,92.73,88.05,84.13,82.83,87.82,86.43,82.01,82.06,83.23,82.52,89.54,86.46,92.42,94.62,96.73,101.02,105.35,100.08,97.83,106.9,99.62,100.88,105.22,107.36,108.27,107.66,109.55,107.25,100.91,98.18,95.7,97.18,95.06,91.88,95.79,96.75,96.71,97.71,98.42,97.14,95.54,91.25,92.8,96.46,94.77,94.36,95.66,94.92,96.07,100.34,98.75,100.52,96.6,96.62,85.45,90.15,88.67,87.49,85.62,81.43,80.23,82.33,84.7,84.14,84.96,83.91,83.17,84.46,87.6,85.2,87.58,85.49,85.88,88.18,87.57,87.95,87.36,87.44,89.02,87.51,89.11,89.65,89.19,88.97,90.24,91.06,97.03]",7.6555331648593405,-9.61553219263166,True,56.34,"Rising P&F column, no fresh breakout yet",True,True,0.5355440934836864,16.602740515958647,-15.829445408789978,
BSE ,57.0,1862.03,3017.89990234375,106135.71,172020.29443359375,65884.58443359376,62.07579374895949,-4223.70556640625,-2.3965102734880284,BSE.NS,BSE.NS,2026-10-01,2026-10-01T13:38+05:30,True,Risk review,0.0,Relative strength is below its 50-day average; p&f shows a bearish breakdown,"[100.0,96.41,95.51,94.82,91.64,92.96,94.13,90.89,92.62,93.35,93.1,92.89,94.3,94.98,95.25,91.24,91.3,91.33,91.28,90.03,88.52,88.7,88.76,88.52,89.7,86.77,86.47,85.77,83.08,85.58,85.93,85.26,84.95,85.17,84.09,82.77,80.7,81.69,81.82,82.04,81.73,80.97,79.66,77.71,79.09,79.1,81.35,78.91,80.24,78.37,76.56,76.85,79.39,79.53,77.62,76.92,76.26,73.64,73.36,74.32,72.65,71.47,73.0,72.47,73.09,73.22,74.73,71.7,71.77,70.63,73.5,75.99,77.12,75.78,73.86,74.49,76.24,76.16,74.54,74.26,73.79,71.42,73.09,73.49,73.42,73.78,72.71,75.9,73.35,72.64]",-3.7089416556635446,-15.996686445012898,False,35.86,Bearish P&F breakdown,False,False,-10.157491248126071,-9.138280737957572,-31.307243440317833,
PFC ,144.0,462.25,316.5,66564.0,45576.0,-20988.0,-31.53055705786912,-1296.0,-2.7649769585253448,PFC.NS,PFC.NS,2026-10-01,2026-10-01T13:38+05:30,True,Risk review,0.0,Relative strength is below its 50-day average; rsi is weak or oversold; p&f shows a bearish breakdown,"[100.0,99.88,100.24,99.69,97.74,99.13,100.57,102.69,102.85,103.31,103.75,100.3,99.76,99.22,99.32,100.01,99.12,99.41,101.33,99.93,101.07,100.63,99.1,98.65,99.46,98.8,97.95,96.43,94.61,93.78,92.64,92.08,91.61,93.04,92.0,91.29,92.36,93.84,93.8,94.31,94.82,95.14,95.82,95.56,96.59,96.71,96.77,95.09,95.2,94.73,95.22,95.43,86.9,85.9,84.69,85.05,85.02,84.57,84.87,84.85,82.08,81.81,81.98,82.3,81.79,80.88,79.82,75.9,79.09,79.81,79.36,81.87,81.64,82.1,81.51,82.13,82.27,81.78,82.24,81.21,79.95,80.47,80.72,80.32,80.85,80.73,80.03,79.43,79.78,78.73]",-7.405582678064492,-19.6155099046724,False,21.68,Bearish P&F breakdown,False,False,-13.497714714901432,-19.39994526834975,-32.92079249545985,
TATASTEEL ,756.0,132.43,177.75999450683594,100117.08,134386.55584716797,34269.47584716797,34.2294000655712,-4944.2464599609375,-3.548566704627354,TATASTEEL.NS,TATASTEEL.NS,2026-10-01,2026-10-01T13:38+05:30,True,Risk review,0.0,Relative strength is above its 50-day average; p&f shows a bearish breakdown,"[100.0,101.93,100.25,102.72,102.69,103.9,102.81,101.34,100.29,99.3,98.8,98.94,98.59,96.97,95.77,96.95,97.37,96.51,96.16,94.4,92.48,92.31,93.08,91.95,89.92,90.67,91.82,91.92,91.4,91.97,90.59,91.08,88.99,90.04,88.36,88.73,89.19,88.9,89.04,89.73,89.59,88.74,88.38,87.42,89.07,89.2,90.13,89.78,90.18,91.13,89.85,88.79,89.44,88.44,87.27,86.45,86.45,87.54,87.6,86.88,86.26,85.94,87.43,87.35,88.0,87.52,87.17,85.77,86.78,87.29,87.21,89.6,88.46,87.56,90.24,89.63,87.81,89.99,89.66,90.89,89.26,88.25,89.01,91.31,92.34,92.54,93.14,94.97,93.11,91.16]",2.4755071243800497,-0.7179878949763796,True,37.65,Bearish P&F breakdown,False,False,-4.444015354792896,-7.4671721959674535,-17.945862956585433,
HDFCLIFE ,243.0,618.05,531.2999877929688,150186.15,129105.8970336914,-21080.252966308588,-14.03608319828998,1883.25,1.4802788999518812,HDFCLIFE.NS,HDFCLIFE.NS,2026-10-01,2026-10-01T13:38+05:30,True,Loss + weak structure,40.0,Relative strength is above its 50-day average; rsi is in a constructive momentum zone,"[100.0,99.31,97.74,96.81,96.64,95.5,95.12,94.61,95.23,94.32,92.53,92.0,92.04,91.57,94.54,92.87,93.79,95.01,95.34,95.84,96.77,95.57,95.1,95.11,93.51,91.91,91.67,91.21,90.24,91.55,90.18,88.35,89.81,90.56,88.18,90.09,90.17,89.81,89.42,88.59,88.36,88.98,89.54,88.07,88.82,87.93,86.43,86.55,86.34,84.06,85.47,85.51,84.9,84.31,83.62,83.58,83.56,83.84,84.87,84.42,84.09,84.61,86.52,86.18,84.83,85.96,85.27,85.06,83.95,84.59,84.04,83.89,86.12,84.39,84.29,81.61,83.84,84.45,83.99,86.26,89.76,88.02,89.39,89.36,89.22,85.93,86.82,88.26,87.83,90.41]",5.179873074433128,-1.374198974180385,True,46.28,"Falling P&F column, wait for reversal",False,False,-1.954445710211694,-14.138806151117556,-32.34176632852399,
HINDZINC ,144.0,641.28,552.0999755859375,92344.32,79502.396484375,-12841.923515624992,-13.906565683330596,-2001.603515625,-2.455834702131188,HINDZINC.NS,HINDZINC.NS,2026-10-01,2026-10-01T13:38+05:30,True,Risk review,25.0,Relative strength is above its 50-day average,"[100.0,100.15,99.17,99.32,99.09,97.33,95.85,90.31,89.42,89.55,88.24,88.55,88.86,88.29,87.83,88.85,88.39,87.08,88.24,84.95,83.95,80.72,82.19,83.04,81.12,81.37,82.68,82.89,81.47,82.55,81.16,81.48,80.68,80.42,80.18,79.53,79.22,79.39,80.95,82.04,82.28,82.31,80.93,80.33,81.31,81.46,81.61,81.9,84.68,89.79,89.2,90.93,89.13,87.79,87.28,86.15,84.32,85.08,83.94,83.77,85.94,88.99,90.29,88.2,93.41,91.05,92.61,88.24,89.65,88.99,88.67,90.85,89.44,90.19,92.2,90.73,88.1,87.55,88.56,88.46,91.33,90.7,90.51,90.76,91.85,92.36,91.25,90.64,91.08,90.15]",2.5178284198382084,9.036887120464554,True,38.63,"Falling P&F column, wait for reversal",False,False,-4.58764018839034,-5.358862652006369,-22.712507829684526,
HAL ,36.0,4130.48,4590.2998046875,148697.27999999997,165250.79296875,16553.51296875003,11.132357611887748,-2797.20703125,-1.6645286056662378,HAL.NS,HAL.NS,2026-10-01,2026-10-01T13:38+05:30,True,Risk review,20.0,Price is above the 200dma; relative strength is above its 50-day average; p&f shows a bearish breakdown,"[100.0,99.59,98.59,98.65,99.17,99.39,97.27,98.24,99.66,99.05,99.42,99.12,97.29,98.09,96.85,101.21,99.77,99.59,101.64,102.22,98.96,99.53,99.31,99.77,100.29,99.78,99.79,99.6,98.7,99.34,98.33,99.99,99.93,98.95,98.2,98.78,100.57,99.75,101.48,102.5,104.02,103.48,103.19,102.55,101.72,101.82,102.83,102.68,101.95,102.16,108.76,108.26,107.91,107.41,109.03,107.71,110.59,111.12,112.38,110.55,109.65,109.58,107.45,106.85,106.28,107.12,106.04,104.26,105.77,105.91,105.3,107.55,107.99,111.64,111.57,110.85,109.84,107.37,107.36,108.43,107.77,108.37,107.79,107.99,109.42,110.29,110.54,107.25,110.06,109.82]",2.3271292621431128,10.053582858664623,True,38.75,Bearish P&F breakdown,False,True,-4.747722440377943,4.353051895726634,-9.998035000735438,
RELIANCE ,126.0,1326.21,1169.4000244140625,167102.46,147344.40307617188,-19758.05692382812,-11.823917447910771,-2217.596923828125,-1.482727513558335,RELIANCE.NS,RELIANCE.NS,2026-10-01,2026-10-01T13:38+05:30,True,Risk review,0.0,Rsi is weak or oversold; p&f shows a bearish breakdown,"[100.0,99.49,98.81,99.93,99.47,99.92,98.77,98.64,97.43,96.7,97.28,98.41,98.41,98.13,99.17,99.17,98.51,97.03,97.93,97.55,97.58,98.48,97.58,96.64,97.02,96.2,96.36,97.2,96.25,95.24,94.25,95.16,94.21,94.46,94.39,94.74,97.27,96.38,94.7,94.68,94.5,94.83,93.78,92.68,92.7,94.24,94.92,94.71,93.13,92.33,96.06,96.52,95.32,95.0,95.14,94.08,94.27,94.61,95.36,94.55,94.3,94.4,93.89,94.0,92.8,91.76,91.89,90.75,94.26,95.23,94.2,95.83,95.33,94.05,93.4,93.38,92.16,92.46,92.79,92.2,90.12,91.68,91.17,91.21,91.46,92.2,91.45,91.2,91.6,91.58]",-1.9824218161370477,-4.962482474623897,False,28.14,Bearish P&F breakdown,False,False,-8.641693828604192,-13.790452235651118,-26.232129185189656,
APOLLO ,117.0,412.97,391.1499938964844,48317.490000000005,45764.54928588867,-2552.9407141113334,-5.283678258351858,-1439.1021423339844,-3.0487093663130405,APOLLO.NS,APOLLO.NS,2026-10-01,2026-10-01T13:38+05:30,True,Constructive,60.0,Price is above the 200dma; relative strength is above its 50-day average; rsi is in a constructive momentum zone,"[100.0,101.32,100.67,100.69,108.83,102.06,104.53,105.47,102.83,103.1,100.77,97.44,102.08,103.72,106.47,106.96,103.66,105.14,102.73,99.32,96.13,94.09,100.04,103.93,101.78,106.27,108.95,102.15,96.72,96.2,96.09,97.46,95.87,97.14,96.61,95.36,95.51,93.74,92.94,97.47,96.25,95.85,94.32,90.72,91.18,90.29,92.71,93.47,94.11,94.3,95.95,95.67,91.34,91.38,89.09,91.2,92.78,91.16,91.66,91.37,90.98,90.37,90.45,91.11,90.88,90.58,90.62,89.89,89.53,90.91,90.8,92.36,96.34,99.44,101.07,99.22,101.39,94.8,90.8,91.85,89.24,92.81,97.94,96.94,98.13,97.52,102.21,101.83,102.06,100.42]",6.889542822394157,-7.832466687136408,True,47.62,"Rising P&F column, no fresh breakout yet",False,True,-0.4525246582129716,21.674774975943745,-13.0450963599697,
NEWGEN ,90.0,971.66,455.8999938964844,87449.4,41030.9994506836,-46418.4005493164,-53.08029620479546,-1075.5010986328125,-2.5542400451283087,NEWGEN.NS,NEWGEN.NS,2026-10-01,2026-10-01T13:38+05:30,True,Risk review,0.0,Relative strength is below its 50-day average; rsi is weak or oversold; p&f shows a bearish breakdown,"[100.0,100.4,103.0,103.98,121.96,122.67,117.04,115.72,114.23,114.99,112.74,109.85,109.42,109.4,110.47,112.47,112.08,110.59,110.32,108.64,108.72,109.47,108.76,109.07,108.81,109.91,110.28,109.36,109.35,107.64,107.92,116.55,132.84,125.42,125.83,122.63,125.66,127.61,124.26,122.68,118.36,117.51,116.17,120.3,127.52,126.21,126.3,126.53,126.81,125.71,123.14,124.77,126.65,124.74,119.98,121.33,120.6,120.41,119.37,117.43,118.58,117.41,118.61,117.46,117.39,117.21,126.79,117.69,119.98,117.93,117.23,119.13,118.7,116.9,117.28,116.58,115.08,117.04,115.3,113.62,114.44,113.72,114.09,115.39,115.95,114.29,113.44,114.29,113.06,111.8]",-5.994212922755803,1.3762486981134137,False,27.65,Bearish P&F breakdown,False,False,-12.401242150540448,-14.397838210148139,-53.75016621031986,
TRENT ,39.0,3009.12,2567.699951171875,117355.68,100140.29809570312,-17215.381904296868,-14.66940663144457,-2102.105712890625,-2.0560018491211696,TRENT.NS,TRENT.NS,2026-10-01,2026-10-01T13:38+05:30,True,Risk review,0.0,Relative strength is below its 50-day average; rsi is weak or oversold; p&f shows a bearish breakdown,"[100.0,100.13,101.06,100.68,101.92,103.64,103.17,101.25,100.35,100.85,101.68,100.89,100.32,104.2,103.46,110.45,112.82,113.63,112.32,112.0,115.38,114.95,116.9,117.28,116.75,117.13,118.09,117.67,103.03,104.41,102.3,101.04,100.78,100.26,99.95,99.97,99.65,101.96,100.58,101.49,102.15,102.6,102.99,102.5,104.44,104.58,104.36,104.76,107.25,107.97,107.76,103.67,103.92,102.98,102.29,102.17,102.52,101.31,101.53,101.88,102.02,100.33,99.62,100.03,99.46,98.55,98.98,97.9,98.35,98.95,97.41,98.93,98.01,97.06,98.52,98.83,98.25,97.75,99.15,98.89,99.27,98.99,97.85,96.99,96.89,96.03,95.92,97.26,96.78,96.2]",-4.2334289878353415,-18.532051443272447,False,23.66,Bearish P&F breakdown,False,False,-10.72781722637891,-9.772341409782292,-46.78405769909204,
BAJFINANCE ,306.0,869.13,943.6500244140624,265953.78,288756.9074707031,22803.127470703155,8.574094141735138,-4819.5,-1.641650990119481,BAJFINANCE.NS,BAJFINANCE.NS,2026-10-01,2026-10-01T13:38+05:30,True,Risk review,0.0,Relative strength is below its 50-day average; rsi is weak or oversold; p&f shows a bearish breakdown,"[100.0,100.02,99.04,98.13,97.31,97.28,96.6,98.63,97.5,98.07,99.16,98.45,101.44,102.69,103.95,103.51,103.22,103.43,103.75,104.06,106.84,106.32,106.9,109.58,109.93,109.75,111.3,110.55,111.99,110.14,107.95,108.44,108.48,107.38,108.66,110.71,113.05,113.18,113.41,113.77,112.79,109.75,112.16,111.93,111.86,112.13,120.95,120.89,121.04,122.06,121.2,113.83,115.59,114.57,114.39,113.78,114.23,114.36,115.27,113.76,114.82,114.7,112.74,113.33,113.28,113.18,112.59,109.69,110.82,111.82,110.79,112.26,112.68,111.8,110.84,111.69,110.72,110.31,109.96,109.86,111.63,109.61,108.28,111.34,107.57,109.48,109.84,109.73,108.11,107.9]",-4.305641230984447,-3.0489242636349,False,31.33,Bearish P&F breakdown,False,False,-10.835970144747986,-2.9953696468394075,-18.58819600774896,
SUNTV ,144.0,626.58,590.8499755859375,90227.52,85082.396484375,-5145.123515625004,-5.702388268706714,-2037.603515625,-2.3388470105888404,SUNTV.NS,SUNTV.NS,2026-10-01,2026-10-01T13:38+05:30,True,Leader / hold,80.0,Price is above the 50dma; price is above the 200dma; relative strength is above its 50-day average; rsi is extended; p&f shows a bullish breakout,"[100.0,103.91,103.27,107.56,107.76,107.82,106.66,108.04,107.14,107.19,107.05,106.94,107.23,106.41,106.21,105.79,105.96,105.64,106.03,105.67,105.1,105.02,105.45,105.4,103.75,104.02,104.23,103.3,102.18,101.47,100.64,99.53,99.33,98.76,98.79,100.12,100.07,97.68,98.29,98.72,99.36,98.9,98.02,98.15,101.99,102.06,101.06,99.02,99.2,97.41,97.09,96.33,95.89,95.01,93.71,95.4,95.46,96.08,96.32,95.92,94.84,93.65,92.93,92.56,91.97,91.83,93.69,91.62,92.04,92.38,93.19,94.41,91.17,91.1,90.75,92.35,96.49,96.11,95.71,96.02,91.8,93.01,99.63,99.09,106.37,106.74,109.8,118.07,129.12,127.99]",30.635363997585905,22.79236502613462,True,76.7,Bullish P&F breakout,True,True,21.96564643140968,10.676393882898939,-8.50436628702611,
AUROPHARMA ,99.0,1222.75,1665.0,121052.25,164835.0,43782.75,36.16847270496831,-3237.295166015625,-1.9261325388684305,AUROPHARMA.NS,AUROPHARMA.NS,2026-10-01,2026-10-01T13:38+05:30,True,Leader / hold,100.0,Price is above the 50dma; price is above the 200dma; relative strength is above its 50-day average; rsi is in a constructive momentum zone; p&f shows a bullish breakout,"[100.0,99.94,98.13,98.96,100.68,100.32,101.67,102.87,103.17,103.39,101.94,103.72,105.34,103.51,97.64,96.26,97.74,98.88,102.48,101.7,105.54,104.99,107.3,107.17,108.88,106.34,106.38,110.57,108.32,107.53,107.35,107.94,105.13,103.93,104.75,104.29,104.47,103.77,104.9,105.96,104.05,104.49,104.97,104.83,104.59,106.71,106.09,105.9,103.08,105.64,107.46,106.37,110.71,109.28,109.86,110.2,109.72,107.79,108.02,109.57,108.19,106.62,107.39,106.44,106.62,107.15,108.18,108.47,112.67,111.93,110.37,109.34,110.66,111.59,113.48,114.57,112.92,113.68,114.73,113.53,115.67,117.66,116.28,115.38,116.18,118.86,118.88,119.69,120.96,120.44]",8.94110346906225,13.221450204698382,True,47.8,Bullish P&F breakout,True,True,1.313001584609319,17.356718474076892,-3.961934900338815,
KOTAKBANK ,605.0,360.74,420.2999877929688,218247.7,254281.4926147461,36033.79261474608,16.510502797851288,1996.4926147460935,0.7913639791292004,KOTAKBANK.NS,KOTAKBANK.NS,2026-10-01,2026-10-01T13:38+05:30,True,Leader / hold,80.0,Price is above the 50dma; price is above the 200dma; relative strength is above its 50-day average; rsi is in a constructive momentum zone,"[100.0,99.94,100.27,99.7,100.09,101.17,100.87,100.18,101.03,101.02,104.18,106.46,106.63,105.83,105.74,104.56,103.82,102.76,103.13,103.94,104.75,106.15,103.04,101.77,103.18,102.37,101.84,97.44,97.54,95.97,96.48,95.44,97.06,96.09,95.77,95.72,99.44,96.84,97.55,97.45,99.09,99.34,98.07,98.02,98.65,98.77,98.57,99.31,99.91,100.4,99.4,98.32,98.33,98.11,97.28,97.54,97.95,98.24,97.31,97.94,99.28,100.54,100.14,99.74,103.67,105.64,105.26,103.71,106.49,106.87,105.99,107.08,106.92,105.96,105.21,106.24,106.86,106.74,108.07,107.43,105.48,106.08,105.54,105.1,105.72,105.72,106.7,109.01,111.98,114.51]",11.301560943298439,12.439897493419583,True,58.94,"Rising P&F column, no fresh breakout yet",True,True,3.611033850165146,5.3499964214605455,-5.446763907472207,
HDFCBANK ,180.0,754.78,717.0999755859375,135860.4,129077.99560546876,-6782.404394531244,-4.992186387299938,1511.993408203125,1.1852636142543729,HDFCBANK.NS,HDFCBANK.NS,2026-10-01,2026-10-01T13:38+05:30,True,Loss + weak structure,40.0,Relative strength is above its 50-day average; rsi is in a constructive momentum zone,"[100.0,97.32,96.96,97.9,98.59,99.86,99.5,98.93,98.74,97.5,100.03,100.56,101.9,101.17,101.54,101.52,102.72,101.8,102.29,101.68,103.82,104.83,105.57,105.01,104.05,103.49,104.3,107.56,107.49,106.57,106.08,105.77,104.69,104.18,104.68,104.06,105.83,99.8,97.45,97.51,97.8,97.12,95.47,94.73,95.78,96.83,95.67,95.26,94.31,93.41,93.8,93.14,92.49,92.17,91.95,91.25,92.18,92.34,91.89,91.49,91.73,91.88,92.08,91.49,91.6,89.66,90.61,88.78,90.33,89.55,90.05,90.95,91.13,89.96,88.41,89.6,91.46,94.5,95.13,93.12,94.65,95.76,95.65,94.94,96.34,97.47,96.75,98.25,96.36,98.97]",6.048841897385038,-5.106976195177449,True,47.43,"Rising P&F column, no fresh breakout yet",False,False,-1.0123033535049286,-10.71700574039357,-27.78491337289194,
CUB ,1800.0,184.0,231.3300018310547,331200.0,416394.0032958984,85194.00329589844,25.72282708209494,9503.997802734377,2.335765851809324,CUB.NS,CUB.NS,2026-10-01,2026-10-01T13:38+05:30,True,Leader / hold,80.0,Price is above the 50dma; price is above the 200dma; relative strength is above its 50-day average; rsi is in a constructive momentum zone,"[100.0,99.82,101.97,102.67,100.81,101.23,99.54,99.4,101.21,103.79,103.94,106.31,108.75,106.03,108.63,105.67,104.22,103.22,103.52,104.65,107.67,105.25,107.06,110.37,113.53,113.87,113.47,117.09,118.8,116.38,119.51,118.21,115.86,114.53,113.66,114.33,116.62,116.1,118.26,116.35,115.71,115.52,114.94,123.34,117.79,111.27,107.17,105.07,103.93,105.51,108.03,109.62,111.13,109.65,110.49,107.53,107.36,110.63,114.6,113.99,112.63,111.45,108.77,113.09,115.94,117.31,113.46,116.46,121.0,119.59,121.2,122.34,124.14,120.99,120.98,118.68,119.13,120.84,121.6,122.87,123.89,123.47,119.42,117.77,118.28,121.3,117.94,118.58,124.74,129.56]",11.67674640871057,14.17906197473604,True,55.02,"Rising P&F column, no fresh breakout yet",True,True,4.062729530636555,12.023210708349353,-2.9981524759222,
M&M ,78.0,2977.81,2820.0,232269.18,219960.0,-12309.179999999991,-5.299532206554479,-10140.0,-4.406779661016946,M&M.NS,M&M.NS,2026-10-01,2026-10-01T13:38+05:30,True,Risk review,0.0,Relative strength is below its 50-day average; rsi is weak or oversold; p&f shows a bearish breakdown,"[100.0,100.38,99.42,98.14,99.03,100.01,99.74,100.94,99.39,98.98,99.13,101.59,100.62,102.25,101.75,101.29,101.08,98.99,98.26,98.31,98.91,103.3,100.79,99.58,100.87,101.82,101.77,103.39,103.23,101.68,99.76,99.97,100.8,99.21,98.61,100.02,102.29,101.24,102.11,102.44,105.33,102.99,104.18,105.0,102.77,105.08,108.29,108.08,108.73,109.43,108.42,111.18,110.89,109.01,106.98,107.52,108.32,107.01,108.36,108.13,107.97,107.46,107.45,107.89,106.67,104.63,104.51,102.4,103.04,101.57,100.02,100.89,101.0,100.77,101.0,100.52,99.98,99.56,100.87,100.12,98.47,98.59,98.25,97.39,98.23,100.21,100.41,99.86,99.95,96.96]",-6.630618120874998,-4.72680213012171,False,21.12,Bearish P&F breakdown,False,False,-12.960423092211604,-13.182199751094181,-25.068110715703142,
HINDCOPPER ,108.0,565.82,453.25,61108.560000000005,48951.0,-12157.560000000003,-19.89501961754622,-2095.1993408203125,-4.104515846187273,HINDCOPPER.NS,HINDCOPPER.NS,2026-10-01,2026-10-01T13:38+05:30,True,Risk review,0.0,Relative strength is below its 50-day average; rsi is weak or oversold; p&f shows a bearish breakdown,"[100.0,99.81,98.28,99.71,100.82,101.24,100.06,97.65,94.78,96.12,95.83,94.46,94.25,94.09,92.74,93.09,91.8,91.96,91.56,90.49,90.59,89.15,90.37,90.88,88.36,88.7,89.57,88.35,88.5,88.32,86.98,88.1,87.83,87.21,86.89,85.93,86.51,85.26,86.86,87.29,88.71,87.05,85.82,84.0,85.29,85.0,86.64,86.31,86.24,93.49,96.11,94.13,91.76,92.93,95.21,94.44,92.45,99.96,99.2,97.17,97.66,99.75,99.94,92.31,96.53,93.2,92.5,90.65,92.09,91.74,91.05,91.82,89.99,93.97,94.39,93.85,91.56,89.44,87.84,87.71,89.09,90.28,91.04,91.39,90.63,90.67,89.26,89.21,88.9,86.5]",-5.502414838376257,-3.428718896872307,False,30.46,Bearish P&F breakdown,False,False,-12.044377196860701,-13.930265988151447,-40.06337856117369,
GMRAIRPORT ,738.0,89.26,92.4499969482422,65873.88,68228.09774780273,2354.2177478027297,3.5738258438742787,-1992.6033782958984,-2.837629568405597,GMRAIRPORT.NS,GMRAIRPORT.NS,2026-10-01,2026-10-01T13:38+05:30,True,Risk review,0.0,Technical data was not strong enough to classify clearly.,"[100.0,101.59,105.8,103.56,104.65,105.94,108.91,109.37,108.55,109.68,109.41,109.42,110.68,112.35,112.57,114.13,115.04,113.13,112.04,112.22,112.63,113.67,115.14,117.45,118.14,115.75,116.94,117.09,118.66,116.25,115.54,114.86,116.88,116.2,114.3,114.75,113.66,113.99,113.61,113.22,111.9,111.52,111.02,110.74,109.16,106.26,107.18,106.32,107.85,108.28,108.42,108.75,107.1,105.82,105.01,103.22,102.49,102.18,102.61,103.71,101.15,100.26,99.38,99.98,99.15,99.08,98.47,93.35,95.09,95.63,98.29,99.11,97.98,98.84,101.07,100.22,100.75,97.63,97.07,98.83,102.37,101.77,101.42,101.66,102.45,103.34,101.51,101.49,103.01,101.55]",-1.055060963657195,-13.165209169446534,False,37.96,"Falling P&F column, wait for reversal",False,False,-7.605888277367723,-7.4714208705525476,-19.62949994422938,
AHLUCONT ,81.0,734.51,547.0,59495.31,44307.0,-15188.309999999998,-25.528583681638096,-368.5490112304688,-0.8249456792077114,AHLUCONT.NS,AHLUCONT.NS,2026-10-01,2026-10-01T13:38+05:30,True,Risk review,0.0,Relative strength is below its 50-day average; rsi is weak or oversold; p&f shows a bearish breakdown,"[100.0,99.39,102.05,99.0,96.63,100.35,98.7,99.45,100.8,100.56,101.12,101.35,101.87,101.06,101.0,103.99,103.98,101.65,103.41,103.11,105.18,107.79,105.43,108.69,106.34,104.15,105.13,101.97,104.46,104.38,101.89,102.45,102.05,104.14,102.57,105.4,104.95,104.04,102.37,102.1,100.61,98.9,102.19,101.26,101.3,98.8,99.36,99.19,99.58,99.71,100.28,100.03,98.93,99.16,99.57,96.37,97.45,100.26,94.95,84.94,83.82,82.85,83.09,77.48,77.39,75.55,75.8,76.15,73.21,73.38,72.66,71.65,72.25,72.31,73.37,72.44,72.23,73.29,72.96,70.88,70.0,71.49,70.95,71.31,70.69,72.82,73.35,72.81,70.89,71.37]",-14.85981772627689,-32.11077620733077,False,23.98,Bearish P&F breakdown,False,False,-20.288858253481244,-31.387036472992236,-48.024983135177465,
MAPMYINDIA ,36.0,1882.66,837.5999755859375,67775.76000000001,30153.59912109375,-37622.16087890626,-55.50975876759812,-273.601318359375,-0.8991997765414261,MAPMYINDIA.NS,MAPMYINDIA.NS,2026-10-01,2026-10-01T13:38+05:30,True,Risk review,0.0,Relative strength is below its 50-day average; rsi is weak or oversold; p&f shows a bearish breakdown,"[100.0,96.83,97.05,95.53,99.15,97.34,96.74,98.2,101.14,100.59,103.7,103.12,101.84,99.42,100.59,102.04,102.69,102.47,102.21,101.96,100.73,99.25,97.42,95.16,93.81,97.32,104.67,107.55,108.06,109.05,107.85,122.13,122.27,133.51,133.58,132.87,133.58,133.35,123.95,120.58,119.03,124.65,128.57,128.66,128.84,131.07,133.95,133.03,133.2,127.9,117.42,120.76,114.1,110.04,113.12,110.95,110.42,110.8,110.91,113.63,113.05,112.51,109.79,107.24,107.06,112.16,108.78,107.28,112.03,111.98,110.85,108.97,109.64,110.53,109.46,108.52,107.17,105.56,103.38,102.81,102.6,102.81,102.96,105.42,103.1,103.02,103.17,102.89,101.45,102.06]",-9.350911103296777,-2.4929279418710704,False,27.89,Bearish P&F breakdown,False,False,-15.438696661334983,-21.984076760051817,-56.90240471806063,
FACT ,63.0,909.28,732.0,57284.64,46116.0,-11168.64,-19.496744677107163,-1587.6007690429688,-3.328052271629012,FACT.NS,FACT.NS,2026-10-01,2026-10-01T13:38+05:30,True,Risk review,0.0,Rsi is weak or oversold; p&f shows a bearish breakdown,"[100.0,101.78,103.95,100.07,100.48,100.75,101.32,100.2,100.74,101.63,101.52,105.95,105.38,104.46,103.48,113.27,109.52,107.57,99.73,101.76,101.17,101.74,101.15,99.21,99.15,99.11,98.46,99.28,98.25,96.67,96.05,95.22,94.69,94.57,93.82,94.04,93.99,92.92,92.1,92.08,90.98,91.04,91.34,91.34,90.86,91.33,90.41,91.26,92.09,92.43,92.23,92.98,92.33,91.18,90.42,89.24,88.98,88.41,86.74,87.21,86.35,84.42,85.46,85.51,95.11,94.2,91.72,90.41,88.77,89.3,88.72,88.03,88.36,87.84,87.41,87.35,88.07,86.91,85.91,85.26,85.66,85.42,89.63,89.27,88.57,88.75,88.98,89.15,88.87,87.21]",-2.2198488691278495,-11.432105016355298,False,31.85,Bearish P&F breakdown,False,False,-8.888590246015738,-12.52813408208886,-26.63860403334851,
HINDALCO ,171.0,877.67,930.6500244140624,150081.57,159141.1541748047,9059.58417480468,6.036440167040284,-1906.6437377929688,-1.18389929108359,HINDALCO.NS,HINDALCO.NS,2026-10-01,2026-10-01T13:38+05:30,True,Risk review,0.0,Rsi is weak or oversold; p&f shows a bearish breakdown,"[100.0,104.08,103.54,106.16,106.58,106.49,104.79,102.11,100.21,100.33,98.23,97.62,95.1,93.11,89.68,91.73,91.49,91.53,91.58,89.91,88.73,87.11,88.41,87.38,85.25,85.68,86.15,88.21,87.23,88.71,86.78,86.55,86.35,87.51,85.62,86.18,85.07,84.88,84.97,85.82,87.28,86.01,85.15,84.17,85.97,86.96,86.95,87.83,90.47,92.23,91.55,94.21,93.07,92.56,94.93,91.89,91.09,92.8,92.38,92.13,90.92,91.19,93.29,92.23,92.56,90.1,91.06,88.72,89.81,90.03,89.81,90.11,90.04,90.1,92.2,91.38,88.44,88.23,89.5,89.36,89.13,88.66,87.93,90.2,90.57,90.33,89.75,90.62,89.36,89.62]",-0.5283830670660961,4.0269694316952265,False,33.17,Bearish P&F breakdown,False,False,-7.35615689907495,-4.919496226721964,-18.630510774148878,
JSWENERGY ,189.0,534.39,481.6499938964844,100999.71,91031.84884643556,-9967.861153564443,-9.8691977962753,-3685.5,-3.8910506310467663,JSWENERGY.NS,JSWENERGY.NS,2026-10-01,2026-10-01T13:38+05:30,True,Risk review,0.0,Relative strength is below its 50-day average; rsi is weak or oversold; p&f shows a bearish breakdown,"[100.0,102.87,107.44,107.8,106.99,107.88,106.94,108.29,107.99,106.53,105.14,104.82,104.11,103.0,102.86,101.49,102.98,103.28,102.2,103.96,102.54,103.23,103.67,106.38,105.37,102.19,100.95,98.37,97.43,96.85,96.97,95.04,97.43,97.31,98.49,96.93,96.06,95.96,100.05,99.5,99.86,100.17,99.04,97.44,96.27,95.92,95.88,97.4,98.85,99.14,98.77,98.49,98.74,100.43,97.75,96.78,96.54,97.5,96.62,95.66,94.91,94.16,94.57,94.47,94.7,94.01,93.87,92.47,89.48,90.25,94.71,94.4,94.68,93.35,92.52,94.49,94.07,93.35,91.45,91.38,91.82,93.52,91.93,92.12,92.13,92.56,92.17,91.45,93.56,91.24]",-3.8923829695816647,-9.610489341219687,False,30.43,Bearish P&F breakdown,False,False,-10.411437789994626,-8.143677458384923,-19.75124898873949,
VSSL ,126.0,362.18,383.0,45634.68,48258.0,2623.32,5.748522833949969,-2274.2984619140625,-4.500682793259814,VSSL.NS,VSSL.NS,2026-10-01,2026-10-01T13:38+05:30,True,Leader / hold,80.0,Price is above the 50dma; price is above the 200dma; relative strength is above its 50-day average; rsi is in a constructive momentum zone,"[100.0,101.06,100.09,102.35,102.0,103.05,104.76,104.54,104.29,102.8,101.56,103.7,104.4,106.16,105.25,106.71,104.34,103.62,102.62,105.94,104.99,104.99,103.88,103.69,100.33,101.4,100.7,99.33,99.44,99.98,98.69,99.88,106.52,107.26,107.16,107.93,108.61,111.73,109.45,110.7,109.84,109.19,108.2,107.82,110.48,108.65,109.86,108.42,109.22,118.0,120.23,122.79,120.44,118.59,117.74,116.08,126.31,129.11,128.71,128.48,126.97,124.24,125.14,122.15,130.59,127.28,124.83,126.96,128.18,131.72,132.03,132.41,130.16,129.92,132.88,144.12,146.12,146.09,152.35,150.97,149.17,151.45,150.35,151.63,152.39,155.23,156.19,157.09,155.24,150.48]",15.35239062942173,49.43209435887508,True,48.95,"Falling P&F column, wait for reversal",True,True,7.064074304870416,33.2820165225574,-7.398453977744158,
ADANIPORTS ,126.0,1433.18,1733.800048828125,180580.68,218458.80615234372,37878.12615234373,20.975735694617896,-8127.0,-3.5867206944709795,ADANIPORTS.NS,ADANIPORTS.NS,2026-10-01,2026-10-01T13:38+05:30,True,Leader / hold,80.0,Price is above the 50dma; price is above the 200dma; relative strength is above its 50-day average; rsi is in a constructive momentum zone,"[100.0,100.66,101.06,101.1,102.81,102.78,101.61,103.89,103.76,103.72,104.9,103.79,103.28,101.43,101.79,101.85,102.27,101.79,100.97,99.48,100.83,100.45,99.71,101.2,102.62,104.03,103.67,102.66,100.98,100.11,99.23,99.57,98.44,99.63,99.75,99.89,100.8,100.55,100.4,100.07,98.89,98.22,97.1,97.12,93.52,90.79,92.17,91.42,92.16,91.79,91.99,91.67,90.36,89.61,89.22,88.65,91.57,91.0,90.84,90.8,91.16,91.28,89.72,90.96,90.52,91.82,91.25,84.74,88.8,90.8,92.38,92.64,92.32,92.97,97.03,97.0,96.81,96.02,96.56,96.45,100.33,98.32,98.76,98.88,100.25,100.65,99.67,105.24,103.88,101.6]",7.912770478577835,-1.9908716217464373,True,47.39,"Falling P&F column, wait for reversal",True,True,0.680420679653615,6.382685760971141,-7.975783510317569,
CDSL ,171.0,1100.01,1235.4000244140625,188101.71,211253.4041748047,23151.694174804696,12.308072146077086,-4531.5,-2.100007883929212,CDSL.NS,CDSL.NS,2026-10-01,2026-10-01T13:38+05:30,True,Risk review,0.0,Rsi is weak or oversold; p&f shows a bearish breakdown,"[100.0,100.22,101.57,103.17,101.96,102.89,102.74,102.19,102.63,101.55,101.9,102.39,102.32,103.11,104.85,104.08,105.98,110.51,112.02,111.73,111.05,109.14,108.57,107.4,107.58,109.04,109.99,110.11,110.27,110.38,108.0,109.4,114.96,115.78,115.14,115.76,113.71,115.72,112.34,110.38,109.6,109.45,110.14,108.41,109.49,109.2,108.45,107.72,105.7,107.63,106.53,107.44,106.92,106.54,107.62,106.73,107.37,107.72,108.6,107.67,106.72,107.6,110.92,110.55,110.83,114.15,112.41,112.46,110.97,111.52,110.23,112.25,112.56,114.68,113.21,111.28,110.58,110.98,109.25,108.23,111.36,113.72,111.37,110.31,109.95,110.24,110.35,109.59,108.41,107.72]",-1.7783795869316665,-2.0670354308966687,False,31.1,Bearish P&F breakdown,False,False,-8.57224424221994,-5.996469485196565,-24.698416232668187,
BAJAJ-AUTO ,6.0,8549.08,10070.0,51294.48,60420.0,9125.520000000004,17.79045230597913,-4824.0,-7.393783336398751,BAJAJ-AUTO.NS,BAJAJ-AUTO.NS,2026-10-01,2026-10-01T13:38+05:30,True,Risk review,0.0,Relative strength is below its 50-day average; rsi is weak or oversold,"[100.0,101.96,101.57,101.99,101.0,101.36,101.93,102.13,101.98,100.28,101.31,101.85,98.99,96.49,95.87,96.58,96.6,96.39,97.23,96.52,93.61,95.05,93.35,93.78,94.35,94.02,93.46,95.42,96.11,98.06,96.65,95.51,97.46,95.98,97.2,97.56,98.91,99.06,97.67,104.45,108.33,106.74,105.9,107.47,106.46,107.69,108.06,110.02,108.15,110.0,108.88,108.99,108.38,108.67,108.25,107.66,108.82,108.37,108.21,108.54,109.44,108.46,109.32,110.02,108.33,108.4,109.9,111.41,115.04,113.69,111.42,111.67,111.02,111.52,111.28,111.48,110.62,110.51,112.12,110.17,108.4,108.86,107.94,107.69,108.66,109.64,108.8,107.81,108.45,101.94]",-6.609766727712396,9.076284423366697,False,21.53,"Falling P&F column, wait for reversal",False,False,-13.030110409440764,-0.8764304673327783,-18.534099182913998,
INDIGO ,27.0,5189.73,4917.2998046875,140122.71,132767.0947265625,-7355.615273437492,-5.249409801906838,-1800.9052734375,-1.33828642280297,INDIGO.NS,INDIGO.NS,2026-10-01,2026-10-01T13:38+05:30,True,Constructive,60.0,Price is above the 200dma; relative strength is above its 50-day average; rsi is in a constructive momentum zone,"[100.0,101.91,99.72,102.04,102.29,103.92,103.4,103.16,101.31,104.16,105.35,105.7,108.0,110.41,108.84,109.38,112.0,112.1,111.68,111.36,116.55,122.69,120.11,120.8,120.66,121.05,120.82,119.88,119.57,115.24,116.03,116.46,114.46,112.43,113.51,115.92,115.89,114.76,116.1,113.29,112.43,111.45,115.46,116.1,115.5,114.87,113.08,116.82,116.46,117.36,116.18,116.19,115.4,114.25,115.03,115.58,115.13,114.27,113.46,112.84,111.75,110.44,110.48,112.21,113.1,111.89,111.13,112.07,109.61,109.69,108.52,108.71,109.69,109.42,109.47,109.21,109.82,107.71,106.73,108.2,108.93,109.42,111.39,110.73,110.52,111.93,112.15,113.27,115.88,116.04]",3.2779869646397675,-3.9534058357593937,True,45.77,"Rising P&F column, no fresh breakout yet",False,True,-3.730488615874794,1.8940009751941211,-17.13515006214189,
TECHM ,126.0,1392.42,1519.800048828125,175444.92,191494.80615234372,16049.886152343735,9.14810537252588,1171.80615234375,0.6156934013985538,TECHM.NS,TECHM.NS,2026-10-01,2026-10-01T13:38+05:30,True,Monitor,45.0,Price is above the 200dma; relative strength is above its 50-day average,"[100.0,101.1,100.8,104.32,109.81,111.77,105.31,105.92,106.06,108.49,105.78,106.93,106.81,101.78,100.15,101.04,101.82,100.47,97.73,99.14,98.67,101.59,100.47,100.62,98.16,94.54,98.15,100.03,99.33,102.22,102.39,100.83,101.62,104.92,104.1,104.82,105.94,110.66,110.24,109.92,110.08,110.95,111.09,110.78,114.77,114.68,116.79,115.05,113.66,114.17,114.25,113.6,113.5,113.06,113.19,111.68,112.39,112.8,111.11,110.25,110.07,109.75,109.07,109.01,109.62,107.82,108.9,112.47,111.07,113.23,112.99,110.95,111.13,109.3,108.7,105.72,107.36,108.42,113.24,111.93,111.08,108.43,109.96,109.48,109.25,111.12,111.76,113.05,111.89,114.31]",2.6287673042284077,16.46514890144011,True,40.69,"Falling P&F column, wait for reversal",False,True,-4.41266474353016,1.9152626619276303,-11.801308219755825,
TITAN ,27.0,3548.15,4508.10009765625,95800.05,121718.70263671876,25918.652636718747,27.054946878126625,-2130.29736328125,-1.72007635368977,TITAN.NS,TITAN.NS,2026-10-01,2026-10-01T13:38+05:30,True,Risk review,10.0,Price is above the 200dma; rsi is weak or oversold,"[100.0,100.7,100.67,100.64,101.93,102.77,105.89,107.03,106.31,102.83,102.71,103.12,104.71,105.75,106.46,107.18,107.01,107.68,106.14,105.46,105.61,105.43,105.48,108.15,107.28,108.74,108.39,108.47,111.36,112.57,110.68,110.05,110.27,110.22,110.06,111.5,112.13,111.58,112.35,114.21,115.11,114.49,114.57,116.97,116.24,116.62,116.73,118.43,117.44,116.89,119.54,117.87,120.58,121.39,120.42,119.33,120.03,120.21,120.14,120.58,120.05,120.35,120.11,120.66,120.28,121.33,121.75,119.62,119.96,121.39,119.93,120.05,119.95,119.49,120.58,121.41,121.12,119.91,121.18,118.37,116.32,118.2,119.5,117.66,119.59,121.16,121.41,119.0,116.77,116.51]",-2.207651325762039,7.491406773058018,False,26.3,"Falling P&F column, wait for reversal",False,True,-8.98107173882623,2.338638821107053,-12.766005681563787,
TMPV ,189.0,433.59,275.25,81948.51,52022.25,-29926.259999999995,-36.51836988860444,-1559.25,-2.910052910052907,TMPV.NS,TMPV.NS,2026-10-01,2026-10-01T13:38+05:30,True,Risk review,0.0,Relative strength is below its 50-day average; rsi is weak or oversold; p&f shows a bearish breakdown,"[100.0,103.9,103.62,102.49,103.85,106.56,106.52,106.42,105.04,103.45,103.08,102.55,103.93,104.21,102.85,94.04,94.7,94.04,94.21,93.24,91.7,93.16,91.36,92.86,91.07,90.13,89.76,90.13,88.89,87.5,86.18,86.81,87.77,85.97,85.65,85.58,86.83,86.52,85.6,85.0,85.04,84.82,84.75,83.73,84.59,86.0,87.05,88.54,88.77,89.07,88.39,88.58,88.0,88.06,86.69,88.16,84.98,83.8,82.2,81.8,81.18,80.5,79.56,79.18,79.02,79.84,80.5,77.48,78.81,80.07,79.66,79.72,78.9,78.57,78.12,77.75,77.91,80.22,79.52,82.3,78.81,78.27,77.86,77.53,78.12,77.11,75.95,76.53,77.23,76.09]",-6.8684428408162805,-15.22893195691294,False,25.32,Bearish P&F breakdown,False,False,-13.115950886138295,-19.73802978044108,-61.372187456147365,
HEROMOTOCO ,15.0,4760.09,5145.0,71401.35,77175.0,5773.649999999994,8.086191647636905,-1440.0,-1.831711505437894,HEROMOTOCO.NS,HEROMOTOCO.NS,2026-10-01,2026-10-01T13:38+05:30,True,Risk review,25.0,Relative strength is above its 50-day average,"[100.0,101.77,99.8,99.31,100.4,100.26,100.68,100.09,99.78,100.22,101.68,102.09,102.33,102.2,101.73,101.13,100.91,99.87,99.68,100.41,98.56,99.11,97.81,97.01,97.17,97.32,97.15,98.55,99.56,98.95,97.73,97.57,97.47,96.55,96.25,96.96,97.49,98.24,99.07,99.28,104.13,102.23,103.01,103.6,102.84,106.71,107.47,107.78,110.03,112.83,110.63,113.81,115.69,115.72,116.02,114.88,114.55,113.55,113.94,113.2,113.32,113.09,112.04,110.36,109.97,109.2,109.92,106.48,109.97,105.67,105.55,105.62,105.47,106.5,104.76,106.39,105.21,106.3,107.7,108.51,106.78,109.49,108.57,108.38,109.22,110.82,113.15,110.48,111.19,110.72]",1.3303418183491456,13.968047090684932,True,39.69,"Falling P&F column, wait for reversal",False,False,-5.615284749491323,-2.0587437394049,-16.23754527733684,
BHEL ,297.0,360.64,416.2999877929688,107110.08,123641.09637451172,16531.016374511717,15.433670084563206,237.59637451171875,0.1925361715929607,BHEL.NS,BHEL.NS,2026-10-01,2026-10-01T13:38+05:30,True,Constructive,60.0,Price is above the 200dma; relative strength is above its 50-day average; rsi is in a constructive momentum zone,"[100.0,101.02,101.19,99.49,100.91,100.37,95.74,95.55,96.28,97.64,94.23,93.33,93.16,92.9,92.67,94.33,97.3,99.22,98.18,96.27,96.72,97.24,100.29,99.95,99.23,95.87,91.61,92.12,89.49,91.14,90.82,92.95,96.04,95.36,98.41,102.81,100.27,98.6,97.33,99.21,98.65,100.39,98.81,96.18,95.43,95.24,95.77,95.71,96.35,96.44,95.94,95.0,95.23,93.76,97.48,97.27,98.39,101.61,99.4,98.16,96.27,96.05,95.61,96.49,96.31,100.69,99.73,101.99,99.59,100.52,101.25,101.32,99.47,99.41,102.69,102.07,102.42,100.19,99.62,103.14,104.8,103.27,101.47,100.26,101.02,102.15,101.98,103.41,103.96,105.68]",6.4441281991179045,15.359630324493923,True,46.65,"Falling P&F column, wait for reversal",False,True,-0.8557654058135022,19.61814153568877,-5.986671267456778,
LTTS ,18.0,3331.82,3194.300048828125,59972.76,57497.40087890625,-2475.359121093752,-4.127472407629317,2028.59912109375,3.657189369171898,LTTS.NS,LTTS.NS,2026-10-01,2026-10-01T13:38+05:30,True,Risk review,0.0,P&f shows a bearish breakdown,"[100.0,99.34,97.88,97.68,97.52,101.01,95.52,94.33,92.97,92.46,98.63,97.41,97.13,96.6,96.56,97.89,97.34,95.74,93.49,93.34,93.8,93.48,94.02,88.91,88.82,85.62,88.52,89.74,88.09,89.75,88.81,89.75,90.35,90.74,91.12,96.81,96.31,94.8,92.41,90.97,92.77,94.97,96.07,97.08,99.67,98.65,98.26,97.74,96.95,95.69,97.68,97.63,98.57,97.47,99.28,97.04,97.53,94.77,96.08,95.9,96.73,97.34,97.93,97.33,96.46,95.95,95.9,96.51,97.13,97.86,96.28,95.91,95.92,94.14,93.23,93.05,93.78,92.65,93.9,95.0,93.33,93.17,92.06,91.69,89.45,91.18,91.32,92.89,90.06,94.76]",-0.7220353224086873,7.048477035674239,False,37.07,Bearish P&F breakdown,False,False,-7.590732917728705,-9.801962689704535,-31.21418526219498,
SHREECEM ,6.0,28203.82,21450.0,169222.91999999998,128700.0,-40522.919999999984,-23.94647249911536,-2700.0,-2.0547945205479423,SHREECEM.NS,SHREECEM.NS,2026-10-01,2026-10-01T13:38+05:30,True,Risk review,0.0,Relative strength is below its 50-day average; rsi is weak or oversold; p&f shows a bearish breakdown,"[100.0,98.8,99.59,100.6,100.96,100.65,100.33,98.73,97.49,96.15,94.5,97.63,97.82,97.47,98.74,98.33,98.43,99.84,98.42,97.75,98.8,102.59,101.86,99.91,99.9,101.85,102.51,104.77,103.78,104.09,102.46,102.58,102.59,101.67,101.7,103.92,104.51,103.21,103.88,105.11,104.28,105.83,105.39,104.53,104.36,103.51,102.42,100.44,102.97,103.07,103.05,101.06,99.9,99.55,97.23,97.22,95.78,94.77,93.68,94.73,93.23,92.68,92.5,91.45,92.64,94.42,93.05,91.01,87.57,89.84,91.21,91.84,91.85,90.34,89.34,89.02,88.7,87.86,87.08,86.63,86.45,88.21,88.03,86.66,87.34,89.05,89.95,89.92,89.75,89.23]",-5.285122168612699,-12.95153418835321,False,30.25,Bearish P&F breakdown,False,False,-11.533988270520402,-14.811489748659723,-28.134957398839344,
CANBK ,1899.0,135.87,117.55999755859376,258017.13,223246.43536376956,-34770.69463623047,-13.476118673295248,-3570.129272460937,-1.5740161121771346,CANBK.NS,CANBK.NS,2026-10-01,2026-10-01T13:38+05:30,True,Risk review,0.0,Rsi is weak or oversold; p&f shows a bearish breakdown,"[100.0,100.68,99.64,98.67,99.49,102.2,102.74,105.21,103.15,106.23,104.57,103.9,104.96,103.96,103.83,105.4,104.85,103.79,104.25,101.72,101.26,100.91,98.87,98.19,98.11,97.89,98.44,97.44,96.33,94.72,96.26,98.15,98.4,96.21,96.51,96.35,95.96,98.28,97.02,97.32,97.42,97.65,97.66,95.14,94.9,94.88,95.01,95.58,96.72,97.39,100.01,99.94,97.03,97.93,98.98,98.61,98.93,98.72,97.54,97.51,97.47,97.64,95.58,96.29,96.93,96.05,95.98,94.46,94.73,95.93,95.29,95.29,94.55,94.85,94.91,95.65,95.19,95.93,96.56,96.19,95.27,95.22,94.61,96.46,98.92,98.45,96.5,96.59,96.54,96.44]",-0.12205136574003905,-2.0305930361470104,False,28.62,Bearish P&F breakdown,False,False,-6.896297616994119,-11.878804417403854,-23.590233878342005,
LT ,90.0,3794.85,3677.5,341536.5,330975.0,-10561.5,-3.092348841192669,-7425.0,-2.194148936170215,LT.NS,LT.NS,2026-10-01,2026-10-01T13:38+05:30,True,Risk review,0.0,Rsi is weak or oversold; p&f shows a bearish breakdown,"[100.0,100.16,102.4,101.99,101.69,101.04,100.32,100.99,99.93,99.36,101.22,100.61,103.05,104.68,104.47,104.69,103.91,104.28,103.7,104.1,103.86,105.33,104.45,103.47,101.5,100.17,99.49,99.39,98.18,97.14,95.68,96.0,95.42,94.01,92.18,92.24,93.47,93.5,93.42,93.79,94.19,93.92,93.24,93.67,95.5,95.97,95.59,96.63,96.24,97.84,98.46,98.07,97.97,96.87,96.22,97.22,97.62,98.23,98.03,97.45,97.98,98.16,98.03,98.29,96.53,96.36,96.58,96.11,95.83,96.53,96.12,96.08,97.34,95.83,95.78,96.92,96.32,96.37,95.27,95.07,95.45,95.96,95.02,96.04,96.77,97.46,96.16,96.72,97.02,96.28]",-0.19182834634430268,-3.2212614613042145,False,30.32,Bearish P&F breakdown,False,False,-7.05074386086798,-6.885012517420918,-15.972710307824823,
ABB ,39.0,6811.65,6787.0,265654.35,264693.0,-961.3499999999768,-0.3618800143871074,429.0,0.1623376623376637,ABB.NS,ABB.NS,2026-10-01,2026-10-01T13:38+05:30,True,Risk review,0.0,Price is above the 200dma; rsi is weak or oversold; p&f shows a bearish breakdown,"[100.0,106.02,108.13,106.05,107.78,109.15,108.08,108.66,106.48,104.78,104.28,103.88,102.25,103.13,103.97,105.78,106.39,106.56,106.32,105.81,102.7,103.67,106.08,104.2,102.1,100.47,101.91,103.24,101.85,100.3,99.65,98.7,98.12,99.9,104.15,111.16,109.15,108.65,108.56,109.44,110.96,108.59,106.53,105.08,105.39,105.46,104.91,108.29,110.22,110.07,111.27,110.33,110.28,109.65,110.81,110.57,110.51,110.55,109.28,107.58,107.81,106.91,107.99,109.28,109.21,107.61,107.63,108.98,106.92,108.43,107.91,107.84,108.64,107.71,108.52,107.84,107.03,105.26,104.86,106.11,107.26,107.28,105.07,104.47,107.36,106.48,106.89,103.18,104.98,106.79]",-0.9088578770691913,4.78916406239851,False,33.86,Bearish P&F breakdown,False,True,-7.624521748084456,4.206092663805938,-11.913099870298316,
JAGSNPHARM ,360.0,222.49,226.9900054931641,80096.40000000001,81716.40197753906,1620.0019775390538,2.022565280760501,-2779.200439453125,-3.289165778992331,JAGSNPHARM.NS,JAGSNPHARM.NS,2026-10-01,2026-10-01T13:38+05:30,True,Monitor,45.0,Price is above the 200dma; relative strength is above its 50-day average,"[100.0,100.55,101.02,101.36,100.12,100.14,100.83,101.12,101.3,100.03,100.37,103.21,106.66,105.06,104.48,101.99,101.65,101.98,102.71,107.36,112.82,111.52,109.05,112.83,116.12,115.23,113.28,114.18,113.81,114.67,111.49,111.51,110.6,109.13,107.68,106.72,108.25,107.24,106.08,105.33,105.65,105.66,107.38,109.86,106.97,109.35,112.35,109.39,110.36,111.41,112.86,112.7,109.18,109.25,108.24,105.4,107.3,106.46,109.63,108.76,108.45,109.25,110.79,112.71,112.52,113.07,110.75,111.45,111.76,112.68,112.25,114.77,116.5,115.54,114.63,114.13,113.38,113.33,112.23,113.42,111.83,111.44,110.68,110.13,109.49,121.51,120.97,122.2,120.24,118.04]",5.613878258216087,4.206149037621221,True,44.18,"Falling P&F column, wait for reversal",False,True,-1.7619014537831101,12.050543842560701,-6.959870329376439,
MRF ,1.0,118266.26,122940.0,118266.26,122940.0,4673.740000000005,3.9518794286722234,-140.0,-0.1137471563210867,MRF.NS,MRF.NS,2026-10-01,2026-10-01T13:38+05:30,True,Risk review,0.0,Relative strength is above its 50-day average; rsi is weak or oversold; p&f shows a bearish breakdown,"[100.0,98.33,98.16,96.81,98.79,98.96,99.59,99.1,98.52,98.89,97.64,98.91,100.0,99.73,100.76,100.1,100.41,100.73,99.51,101.4,102.16,100.91,101.05,97.13,99.67,100.23,101.75,103.88,104.17,106.48,103.6,102.92,102.12,99.57,99.93,100.16,100.26,100.17,101.17,101.8,102.16,102.57,101.47,101.16,101.8,101.97,102.8,100.78,100.42,100.15,101.39,101.55,101.48,100.53,98.41,97.92,97.85,100.47,100.01,100.72,100.79,100.63,99.52,100.73,98.75,99.83,100.0,98.62,99.4,99.66,100.02,98.71,98.52,98.13,97.41,98.0,98.33,98.34,98.47,97.84,96.58,96.58,95.97,95.91,95.23,97.27,97.55,98.57,99.32,100.71]",1.2933458845913792,-1.0303653361215193,True,25.94,Bearish P&F breakdown,False,False,-5.621413974540667,-8.49572094982448,-24.113833878645565,
MUTHOOTFIN ,21.0,2790.08,2699.0,58591.68,56679.0,-1912.6800000000003,-3.264422525518982,-800.10205078125,-1.3919877350804466,MUTHOOTFIN.NS,MUTHOOTFIN.NS,2026-10-01,2026-10-01T13:38+05:30,True,Risk review,0.0,Rsi is weak or oversold; p&f shows a bearish breakdown,"[100.0,99.18,101.78,100.05,100.49,99.7,97.77,97.63,92.66,92.35,90.78,91.25,93.83,96.15,95.78,96.21,95.66,93.87,96.21,94.18,94.22,91.61,91.83,90.72,87.62,88.22,91.48,93.53,93.14,93.27,91.24,92.28,90.04,89.3,89.05,88.71,88.79,88.05,90.63,90.39,90.62,89.81,89.84,89.31,88.85,88.87,91.75,84.12,83.9,84.53,85.03,84.69,84.57,84.8,83.44,83.24,82.88,84.15,84.6,83.56,86.42,87.84,93.22,92.58,92.91,89.47,89.43,85.77,84.77,86.33,85.77,85.6,84.96,85.35,83.31,84.4,82.93,82.57,84.05,83.21,84.6,85.01,84.34,84.6,85.89,86.4,85.41,85.58,85.6,85.63]",-0.5812875318540134,-6.3955146045377775,False,34.69,Bearish P&F breakdown,False,False,-7.21135879602447,-17.981678012561918,-33.509024957517205,
CGPOWER ,216.0,802.4,875.5999755859375,173318.4,189129.5947265625,15811.194726562506,9.122629061059014,4622.39208984375,2.5052637641170605,CGPOWER.NS,CGPOWER.NS,2026-10-01,2026-10-01T13:38+05:30,True,Constructive,60.0,Price is above the 200dma; relative strength is above its 50-day average; rsi is in a constructive momentum zone,"[100.0,106.25,105.85,104.45,105.96,106.43,109.63,110.04,106.99,106.61,107.76,107.85,106.88,107.86,107.82,110.13,108.71,109.65,109.12,108.74,104.88,108.09,110.14,109.2,111.23,108.73,101.28,104.5,102.85,104.1,103.01,102.42,101.01,102.52,103.96,103.45,101.85,102.07,102.05,103.0,100.82,98.87,98.71,94.77,92.54,93.19,96.23,91.09,97.49,98.53,97.53,97.61,96.94,97.08,97.62,97.25,98.37,99.23,99.06,95.58,96.63,95.5,96.6,96.28,94.97,98.68,97.47,99.96,97.92,97.75,99.4,99.19,100.05,101.57,103.95,102.94,102.31,98.62,97.86,100.17,100.66,102.71,101.14,100.45,102.14,102.32,101.43,101.67,101.23,105.32]",6.694723933048352,3.981739596248257,True,47.62,"Falling P&F column, wait for reversal",False,True,-0.5811193222220346,9.817095561512513,-10.332823800723245,
FEDERALBNK ,945.0,184.33,317.1000061035156,174191.85,299659.50576782227,125467.65576782226,72.02843058835545,-283.48846435546875,-0.0945141142840055,FEDERALBNK.NS,FEDERALBNK.NS,2026-10-01,2026-10-01T13:38+05:30,True,Risk review,10.0,Price is above the 200dma; rsi is weak or oversold,"[100.0,99.47,101.0,101.97,103.63,107.06,106.27,108.11,109.29,111.68,111.84,112.28,111.78,110.76,111.32,111.71,110.58,111.67,111.07,110.87,112.38,112.64,113.07,114.68,114.36,113.64,112.55,113.04,113.46,113.4,112.29,111.66,112.37,111.3,111.02,111.02,118.99,118.86,120.32,120.75,122.47,122.31,121.52,121.51,121.39,120.09,121.17,124.16,121.64,119.61,119.25,119.85,119.72,118.36,118.85,117.13,118.01,118.83,120.49,120.8,119.1,120.88,119.71,115.59,115.24,115.19,114.73,118.33,117.4,119.62,116.34,116.07,116.22,116.68,117.61,118.38,117.86,119.85,119.4,115.13,114.14,113.91,112.2,113.03,115.38,113.04,115.85,115.33,114.34,115.96]",-1.7243309214304614,3.0270143652640247,False,29.05,"Falling P&F column, wait for reversal",False,True,-8.3741194277687,4.3218900933863935,-14.38432109280987,
ICICIBANK ,270.0,1152.58,1313.699951171875,311196.6,354698.98681640625,43502.38681640627,13.979068799725408,-2160.0,-0.6052810997614788,ICICIBANK.NS,ICICIBANK.NS,2026-10-01,2026-10-01T13:38+05:30,True,Risk review,15.0,Relative strength is above its 50-day average; rsi is weak or oversold,"[100.0,99.42,99.63,99.51,98.41,100.21,100.56,101.78,101.77,102.53,105.49,108.31,107.71,105.21,105.11,104.99,105.08,105.3,105.38,105.23,107.7,109.42,109.85,108.41,108.03,109.05,110.08,110.79,109.84,108.77,107.32,107.61,108.07,108.54,108.9,109.37,111.72,112.27,112.17,111.73,112.48,112.22,111.8,110.41,110.26,110.31,109.96,111.58,111.69,111.33,112.47,109.37,109.44,109.19,109.09,106.96,108.54,108.3,108.41,107.62,107.91,108.41,107.96,108.08,108.82,109.92,108.12,109.98,110.22,110.11,110.08,109.81,110.61,108.18,107.98,108.01,107.6,107.58,108.23,106.32,104.72,105.22,104.8,104.24,106.55,106.2,105.82,106.13,108.56,109.49]",0.6918057992497006,-0.5335191073605694,True,34.49,"Falling P&F column, wait for reversal",False,False,-6.1066613062197845,-2.3121318015317804,-10.041094218214896,
ZENTEC ,63.0,1507.25,1562.699951171875,94956.75,98450.09692382812,3493.346923828125,3.678882147744236,-2677.5,-2.647645233789908,ZENTEC.NS,ZENTEC.NS,2026-10-01,2026-10-01T13:38+05:30,True,Risk review,0.0,Relative strength is below its 50-day average; rsi is weak or oversold; p&f shows a bearish breakdown,"[100.0,105.7,105.35,103.7,107.08,108.7,116.03,116.83,113.88,114.39,114.68,112.56,115.0,113.15,116.6,118.3,120.54,124.64,122.01,120.64,115.3,111.47,110.09,111.56,110.16,110.23,108.72,114.81,115.46,114.34,112.46,115.25,112.04,110.93,111.88,111.37,109.24,107.36,111.27,112.32,112.67,110.55,104.19,101.03,100.73,99.18,99.29,100.18,102.29,101.75,105.93,104.83,104.04,110.0,110.01,110.22,112.58,112.9,120.45,117.4,115.47,116.45,114.98,112.94,112.88,110.11,109.51,106.55,108.07,111.79,110.34,110.05,110.1,111.71,108.46,108.09,106.4,103.38,104.87,105.05,104.5,104.51,103.68,103.01,104.04,106.63,105.72,105.33,104.39,103.15]",-4.175984978029512,-5.12130145040568,False,29.07,Bearish P&F breakdown,False,False,-10.64502377782074,-1.5713781132236093,-21.70661411895586,
GMDCLTD ,144.0,673.95,483.0,97048.8,69552.0,-27496.800000000003,-28.332962385933676,-3556.8017578125,-4.865080089255347,GMDCLTD.NS,GMDCLTD.NS,2026-10-01,2026-10-01T13:38+05:30,True,Risk review,0.0,Relative strength is below its 50-day average; rsi is weak or oversold; p&f shows a bearish breakdown,"[100.0,100.78,98.05,98.97,98.96,99.29,100.34,97.88,91.58,93.16,90.95,89.35,90.77,88.8,90.03,89.94,89.43,88.45,88.43,87.26,86.38,85.32,84.49,84.95,88.22,87.52,86.8,85.69,84.0,84.84,84.07,83.58,83.42,83.38,84.59,83.49,83.0,81.91,82.1,80.18,81.45,81.3,80.22,78.86,81.26,79.45,79.76,78.46,78.12,81.47,84.27,82.08,84.36,84.28,84.11,82.54,81.41,80.37,80.18,78.35,78.59,79.63,79.7,78.87,80.62,79.07,78.94,77.93,78.86,78.77,79.71,79.48,79.06,80.47,81.72,82.86,82.13,80.69,79.2,79.28,79.64,79.86,80.69,80.61,80.62,80.15,79.01,78.45,77.62,74.96]",-6.518930815656221,-13.639768135987618,False,23.89,Bearish P&F breakdown,False,False,-12.928041573202808,-17.26173367421827,-34.19726312654825,
SANDHAR ,99.0,704.85,558.0,69780.15000000001,55242.0,-14538.150000000009,-20.834220046818483,-2445.3012084960938,-4.238889941580338,SANDHAR.NS,SANDHAR.NS,2026-10-01,2026-10-01T13:38+05:30,True,Risk review,0.0,Relative strength is below its 50-day average; rsi is weak or oversold; p&f shows a bearish breakdown,"[100.0,97.47,100.07,96.5,97.94,100.88,104.52,103.13,102.26,101.79,102.81,105.69,108.96,103.16,101.06,97.88,97.24,98.07,99.85,100.13,98.81,95.63,97.28,96.24,101.92,99.86,102.16,98.37,96.26,95.04,94.55,93.36,93.15,92.25,86.22,86.62,85.71,84.97,83.4,84.43,83.81,82.82,83.9,83.62,81.4,81.72,83.23,86.6,88.56,88.62,89.9,90.58,91.77,89.42,84.96,85.38,83.65,87.65,86.57,86.76,87.41,88.57,91.18,92.87,92.25,89.97,88.79,88.24,88.41,89.53,87.49,86.44,86.11,85.97,86.6,86.89,87.52,86.86,87.52,83.62,83.53,84.64,83.28,82.56,82.86,82.73,82.7,84.35,86.14,83.73]",-3.0812812206509665,-18.040777737406632,False,30.88,Bearish P&F breakdown,False,False,-9.857367934319317,-2.787253144512236,-23.557994402725345,
TATAELXSI ,18.0,5326.8,3067.60009765625,95882.4,55216.8017578125,-40665.59824218751,-42.41195281113897,-383.396484375,-0.6895595636277618,TATAELXSI.NS,TATAELXSI.NS,2026-10-01,2026-10-01T13:38+05:30,True,Risk review,0.0,Relative strength is below its 50-day average; rsi is weak or oversold; p&f shows a bearish breakdown,"[100.0,99.82,100.26,101.9,107.23,103.47,101.8,102.33,102.19,101.0,100.24,99.01,98.06,96.82,97.44,96.58,96.77,95.48,96.3,96.25,94.78,95.4,94.63,90.66,84.36,85.88,86.17,85.31,86.44,85.74,84.53,85.12,88.04,85.62,81.3,81.94,81.38,81.66,79.7,79.34,79.76,83.22,82.55,83.01,84.59,84.52,84.5,85.62,85.45,85.73,85.37,86.66,86.68,86.32,84.23,85.54,86.06,85.68,83.73,83.66,83.3,84.31,83.47,82.93,82.72,82.42,83.39,80.61,83.04,82.96,82.07,81.75,80.69,80.39,78.31,79.2,78.59,81.62,80.01,79.46,76.09,76.58,75.02,74.41,75.7,75.97,77.24,78.55,75.56,76.08]",-6.883619052190248,-11.707148973451053,False,22.53,Bearish P&F breakdown,False,False,-13.267705703474586,-27.303026692070453,-46.703293297158474,
ETERNAL ,387.0,265.71,312.8500061035156,102829.77,121072.95236206056,18243.18236206056,17.741148659634813,-2767.047637939453,-2.234373092651365,ETERNAL.NS,ETERNAL.NS,2026-10-01,2026-10-01T13:38+05:30,True,Monitor,45.0,Price is above the 200dma; relative strength is above its 50-day average,"[100.0,102.45,101.6,101.82,102.86,101.9,104.48,105.76,103.34,101.0,100.0,98.9,100.14,102.11,102.14,103.77,103.49,105.68,105.04,104.1,102.76,102.88,104.99,106.65,111.96,111.4,112.32,112.51,114.89,115.49,116.22,113.74,111.81,112.81,115.91,112.95,113.35,112.8,112.35,112.77,115.09,112.12,116.98,121.66,122.25,122.2,118.46,120.31,121.62,120.81,123.74,122.92,120.24,123.15,121.33,122.59,123.69,123.37,122.98,124.55,127.08,126.97,126.56,127.49,126.16,126.87,126.38,125.83,127.37,128.09,126.77,126.26,126.03,126.05,126.35,127.41,127.95,127.34,128.02,128.94,129.62,133.23,135.66,135.15,135.82,135.96,136.38,136.52,133.26,132.17]",4.83825449380475,17.679831659923995,True,38.38,"Falling P&F column, wait for reversal",False,True,-2.468385045906618,13.135170703635147,-11.753913695239849,
M&MFIN ,288.0,346.8,317.8999938964844,99878.4,91555.1982421875,-8323.201757812509,-8.333335093285944,-2001.603515625,-2.139452693997046,M&MFIN.NS,M&MFIN.NS,2026-10-01,2026-10-01T13:38+05:30,True,Risk review,0.0,Relative strength is below its 50-day average; rsi is weak or oversold; p&f shows a bearish breakdown,"[100.0,99.96,100.95,99.31,98.99,98.28,97.35,98.0,95.81,96.08,94.8,95.06,98.02,98.96,98.37,97.96,97.17,96.43,96.02,96.01,102.18,108.62,104.67,104.37,103.44,103.85,109.23,108.01,108.13,109.55,109.73,109.75,109.35,107.46,107.12,106.4,107.5,106.31,114.98,125.72,124.47,119.69,120.34,123.55,129.43,129.46,126.67,131.73,130.1,130.02,127.54,133.64,133.96,129.48,128.22,128.12,127.02,126.5,126.05,127.13,124.25,123.85,122.83,123.18,124.65,124.13,121.65,119.93,118.73,121.03,123.05,122.55,122.64,123.02,120.19,119.14,118.1,115.92,116.83,115.94,117.46,117.95,117.19,115.28,115.36,113.34,114.62,114.53,113.42,112.68]",-8.04302218383749,3.1559086982005047,False,23.85,Bearish P&F breakdown,False,False,-14.290178241606933,-6.032889604311142,-22.883817215467428,
VOLTAS ,144.0,1283.58,1050.9000244140625,184835.52,151329.603515625,-33505.91648437499,-18.127422956569703,-2750.396484375,-1.785044447283879,VOLTAS.NS,VOLTAS.NS,2026-10-01,2026-10-01T13:38+05:30,True,Risk review,0.0,Relative strength is below its 50-day average; rsi is weak or oversold; p&f shows a bearish breakdown,"[100.0,99.17,99.38,99.2,100.12,100.25,103.98,105.34,104.51,105.53,105.85,105.68,104.21,106.08,105.55,107.24,107.26,106.03,106.48,105.33,103.66,103.66,103.52,101.64,101.22,101.46,100.77,100.65,100.92,99.68,99.58,99.73,104.43,105.75,106.9,106.93,104.8,105.32,105.17,102.38,103.67,104.91,102.97,102.11,101.63,103.51,102.74,101.33,102.03,99.92,98.47,98.98,96.99,97.84,98.37,98.12,101.22,97.03,96.27,93.96,93.28,94.36,94.84,94.5,92.68,92.81,91.26,90.42,92.43,89.0,90.75,90.34,90.51,88.57,88.98,90.45,90.95,90.65,90.16,89.61,86.96,89.41,86.19,87.97,88.97,89.57,92.36,89.59,87.96,87.66]",-7.0440689440892434,-13.006903004549075,False,30.75,Bearish P&F breakdown,False,False,-13.19298569176789,-20.91653991619067,-32.492112228626,
PILANIINVS ,49.0,3571.13,3890.0,174985.37,190610.0,15624.630000000005,8.929106473301172,-6747.297607421875,-3.418823468511123,PILANIINVS.NS,PILANIINVS.NS,2026-10-01,2026-10-01T13:38+05:30,True,Risk review,0.0,Rsi is weak or oversold; p&f shows a bearish breakdown,"[100.0,99.89,99.76,98.15,96.45,96.48,96.15,94.71,93.93,93.86,93.52,95.54,95.42,94.96,95.71,95.87,95.94,95.84,95.39,95.24,94.0,94.78,95.61,94.89,94.51,95.02,95.28,94.95,94.36,94.07,93.76,94.13,94.08,94.46,92.92,92.65,93.98,93.71,92.78,93.98,93.24,93.2,93.28,92.83,90.39,91.29,91.76,91.06,91.0,91.38,91.24,91.22,92.15,91.38,91.86,91.11,94.42,95.41,93.18,92.25,90.25,90.23,91.12,91.17,91.47,92.24,91.06,91.34,90.21,91.4,91.45,91.82,91.39,91.24,90.25,87.51,90.52,89.57,89.08,88.42,88.23,87.14,86.3,85.9,86.13,87.64,88.04,89.01,90.62,88.84]",-2.015061479039282,-6.7594212282889305,False,29.17,Bearish P&F breakdown,False,False,-8.782017160236466,-14.108445808729575,-32.90395520956313,
SBIN ,333.0,770.5,951.0499877929688,256576.5,316699.6459350586,60123.145935058594,23.432834236595557,-2813.8540649414062,-0.8806682862982029,SBIN.NS,SBIN.NS,2026-10-01,2026-10-01T13:38+05:30,True,Risk review,0.0,Rsi is weak or oversold,"[100.0,99.85,101.0,101.15,101.37,103.41,103.9,104.13,105.57,106.49,108.07,108.69,107.91,106.85,105.63,106.48,107.81,106.91,107.1,106.36,107.13,108.88,108.32,106.91,108.3,108.18,107.13,106.41,106.45,105.81,104.92,105.08,105.01,103.4,104.62,105.03,106.69,107.63,105.75,104.99,104.85,104.99,104.24,103.26,102.66,104.18,103.94,104.59,104.86,106.08,109.65,110.6,107.21,106.63,107.98,107.84,107.11,106.35,105.89,105.42,104.9,104.86,103.87,104.26,104.84,104.04,104.25,105.01,103.84,103.21,103.17,102.68,102.08,102.05,101.85,103.16,101.73,101.0,103.42,102.16,102.04,102.04,101.13,101.28,102.32,103.05,102.4,103.76,103.22,103.85]",-0.3328552037269006,-3.0607689346917266,False,31.48,"Falling P&F column, wait for reversal",False,False,-7.0958378596834955,-7.905484463540313,-21.135806107844203,
OFSS ,33.0,8132.2,10399.0,268362.6,343167.0,74804.40000000002,27.874375937630663,-7623.0,-2.173095014111004,OFSS.NS,OFSS.NS,2026-10-01,2026-10-01T13:38+05:30,True,Risk review,0.0,Price is above the 200dma; relative strength is below its 50-day average; rsi is weak or oversold; p&f shows a bearish breakdown,"[100.0,104.14,102.27,105.88,107.43,104.41,105.01,103.72,102.79,100.33,99.98,98.63,96.99,96.15,96.87,96.01,95.25,97.57,98.15,100.38,106.24,112.02,111.43,109.95,110.08,110.77,113.55,111.26,111.52,112.2,112.02,115.82,116.57,116.23,115.71,116.6,117.86,115.64,115.43,108.93,110.04,107.98,111.0,113.21,113.42,110.89,110.92,111.16,114.33,115.88,116.23,116.62,116.65,116.63,114.23,111.45,116.29,115.79,114.55,116.01,116.01,114.89,112.8,114.36,115.25,115.91,118.9,121.75,119.89,120.46,120.04,119.42,117.82,116.89,116.03,117.41,117.78,120.7,117.68,117.67,119.43,109.56,110.35,108.33,111.96,110.65,112.67,109.7,112.07,111.28]",-3.085269340332475,-2.0058484742889404,False,33.12,Bearish P&F breakdown,False,True,-9.841096992564646,13.23060001635592,-17.073365231259963,
EICHERMOT ,27.0,4841.98,6869.0,130733.46,185463.0,54729.54000000001,41.86345255453349,-7587.0,-3.930069930069935,EICHERMOT.NS,EICHERMOT.NS,2026-10-01,2026-10-01T13:38+05:30,True,Risk review,0.0,Relative strength is below its 50-day average; rsi is weak or oversold; p&f shows a bearish breakdown,"[100.0,100.5,98.7,98.84,99.36,99.76,99.05,98.87,99.52,100.45,102.11,102.39,101.86,104.78,103.28,102.27,103.19,103.22,103.23,103.33,102.95,103.91,101.94,96.7,96.92,97.93,99.27,100.6,101.47,101.36,99.22,98.1,97.02,97.34,98.74,99.21,101.46,100.84,102.23,102.64,104.98,103.6,104.19,104.86,103.44,105.56,105.15,106.9,105.87,106.54,106.84,107.26,105.92,106.18,106.57,107.01,107.36,107.04,106.98,106.58,106.8,106.26,106.69,106.33,106.25,107.22,106.42,104.54,106.15,103.43,102.86,102.3,103.29,104.07,104.47,104.34,102.07,103.17,103.81,102.73,102.15,102.12,100.96,100.98,101.81,102.37,101.88,102.45,102.05,99.56]",-4.791814467098621,0.2897093451942112,False,17.9,Bearish P&F breakdown,False,False,-11.268335700533594,-6.554559327450427,-15.207960049385228,
BEL ,585.0,363.64,380.0,212729.4,222300.0,9570.600000000006,4.498955010449898,-4855.492858886719,-2.137519457609172,BEL.NS,BEL.NS,2026-10-01,2026-10-01T13:38+05:30,True,Risk review,15.0,Relative strength is above its 50-day average; rsi is weak or oversold,"[100.0,99.68,99.18,99.52,99.63,99.89,100.26,100.23,102.35,100.89,101.41,100.73,99.43,98.82,97.75,100.4,102.16,101.65,102.37,100.55,98.72,97.77,99.21,98.84,99.22,98.44,99.28,100.6,99.09,97.78,96.13,97.01,95.9,96.28,96.22,95.59,96.43,95.55,95.72,96.05,96.77,96.58,95.87,91.4,90.48,90.16,90.46,90.49,90.76,90.4,93.01,93.19,93.32,93.59,93.34,94.36,95.13,95.42,95.64,94.97,94.6,95.56,94.35,94.91,93.62,94.66,94.64,94.78,95.29,94.69,95.09,94.56,94.64,95.96,95.41,95.53,95.37,92.23,92.9,94.33,93.0,94.25,94.11,93.15,94.63,95.24,94.73,96.28,96.43,95.79]",1.7754332853954446,-3.509277572135183,True,34.46,"Falling P&F column, wait for reversal",False,False,-5.133001344643329,-8.947454609551453,-18.760613619877155,
SOUTHBANK ,3258.0,39.62,47.25,129081.96,153940.5,24858.540000000008,19.25795053003534,-3225.425468444824,-2.0522422139730323,SOUTHBANK.NS,SOUTHBANK.NS,2026-10-01,2026-10-01T13:38+05:30,True,Leader / hold,100.0,Price is above the 50dma; price is above the 200dma; relative strength is above its 50-day average; rsi is in a constructive momentum zone; p&f shows a bullish breakout,"[100.0,100.93,103.13,103.48,106.0,110.45,112.52,111.41,111.91,115.48,115.57,117.02,117.68,116.74,116.74,119.47,119.19,118.99,114.2,113.12,112.5,112.43,113.93,112.93,111.74,111.37,112.89,114.23,116.21,108.1,107.91,110.46,110.45,109.74,109.9,109.9,108.32,111.47,113.81,116.88,116.93,114.39,116.3,114.19,111.93,113.26,112.32,112.0,112.02,112.15,113.95,113.03,109.47,108.94,109.65,109.15,110.15,108.79,108.85,108.61,108.52,107.94,108.33,108.31,110.82,109.52,108.4,108.59,110.63,111.01,115.44,114.72,113.38,113.8,113.42,113.02,113.26,112.72,113.17,113.8,113.29,111.96,111.25,115.15,125.26,125.7,124.29,125.78,124.58,123.85]",9.289489326040279,9.70687242266941,True,51.87,Bullish P&F breakout,True,True,1.978190517480538,11.683538968390117,-5.405406850249195,
AMAL ,144.0,528.45,700.4000244140625,76096.8,100857.603515625,24760.803515625,32.53856077473034,2635.20703125,2.6828983262174866,AMAL.NS,AMAL.NS,2026-10-01,2026-10-01T13:38+05:30,False,Not downloaded,,Technical data was not available for this stock in the latest refresh.,,,,,,,,,,,,Not enough daily price history
GLENMARK ,72.0,2400.35,2295.10009765625,172825.19999999998,165247.20703125,-7577.9929687499825,-4.384773151571636,-2851.189453125,-1.6961431594560317,GLENMARK.NS,GLENMARK.NS,2026-10-01,2026-10-01T13:38+05:30,True,Monitor,45.0,Price is above the 200dma; relative strength is above its 50-day average,"[100.0,101.35,98.13,96.12,95.35,95.42,95.3,95.03,96.38,96.66,95.14,95.94,94.99,92.97,92.42,91.28,91.73,94.17,92.91,93.22,93.0,92.42,94.16,94.52,92.07,93.05,93.81,95.91,95.66,95.3,95.86,95.38,95.98,96.68,96.1,95.94,94.07,93.66,93.51,92.81,94.05,93.39,92.38,91.7,94.34,91.66,93.09,91.93,92.16,93.55,94.49,94.62,92.82,93.77,94.13,95.15,95.79,96.13,95.47,93.02,96.18,95.46,98.4,98.35,100.09,101.08,103.1,101.29,102.24,102.53,102.21,101.54,102.58,103.29,102.2,101.73,101.9,102.03,103.65,102.92,103.36,103.49,103.98,103.96,104.78,102.87,102.07,108.27,103.55,103.31]",4.652687062868166,10.135843583935621,True,40.32,"Falling P&F column, wait for reversal",False,True,-2.596083615572764,4.033437203022827,-8.652732431592035,
IDFCFIRSTB ,1368.0,81.3,80.0,111218.4,109440.0,-1778.3999999999942,-1.5990159901598966,-1969.92333984375,-1.7681758328068398,IDFCFIRSTB.NS,IDFCFIRSTB.NS,2026-10-01,2026-10-01T13:38+05:30,True,Risk review,20.0,Price is above the 200dma; relative strength is above its 50-day average; p&f shows a bearish breakdown,"[100.0,101.72,103.02,104.18,104.63,105.5,105.6,106.28,105.91,107.94,108.44,109.28,111.94,113.07,111.21,110.71,111.36,112.08,114.53,112.79,113.11,113.8,112.76,114.14,112.56,112.83,114.31,114.76,113.75,111.68,112.5,113.08,112.54,111.34,111.32,111.37,113.22,114.53,114.04,114.03,114.11,115.26,119.57,120.53,118.76,118.78,118.16,118.72,119.28,118.29,118.97,117.99,117.84,116.61,118.44,119.21,118.91,117.9,117.9,118.89,118.86,119.99,118.72,116.98,116.35,115.64,114.43,117.81,117.89,118.99,122.02,121.2,121.34,121.14,121.11,122.73,121.84,122.39,122.67,123.39,121.75,121.6,120.99,123.88,121.16,121.52,118.61,118.23,121.19,120.81]",1.192023457545588,5.685033316630572,True,37.28,Bearish P&F breakdown,False,True,-5.820429772667901,3.329648039946753,-8.998866353580858,
LTF ,531.0,270.36,264.8500061035156,143561.16,140635.3532409668,-2925.8067590332066,-2.038021118687817,-79.64675903320312,-0.0566014703714645,LTF.NS,LTF.NS,2026-10-01,2026-10-01T13:38+05:30,True,Risk review,0.0,Relative strength is below its 50-day average; rsi is weak or oversold; p&f shows a bearish breakdown,"[100.0,99.57,102.83,98.51,98.27,97.78,96.94,98.01,96.39,96.62,96.08,95.59,100.3,105.15,104.88,104.53,101.62,101.38,101.78,101.87,105.2,106.69,107.11,110.84,110.77,111.11,115.4,117.9,117.4,112.04,112.93,111.63,112.64,110.0,108.69,108.01,108.51,106.4,106.41,107.34,108.21,107.16,109.26,108.59,107.26,106.6,107.88,109.04,109.52,109.68,109.64,106.36,107.29,108.09,108.45,107.58,105.27,108.15,112.0,108.63,107.93,108.64,108.13,108.9,110.01,110.02,107.16,108.94,106.28,108.33,109.45,108.7,108.64,106.93,108.25,108.96,108.19,106.09,105.61,107.01,109.77,108.04,107.02,108.2,101.02,102.0,102.42,99.88,97.66,99.09]",-7.602412008065718,-14.134622804958862,False,28.18,Bearish P&F breakdown,False,False,-13.947967132755323,-9.142447921939844,-21.066749380577743,
TORNTPHARM ,40.0,4364.12,4761.60009765625,174564.8,190464.00390625,15899.203906250012,9.107909444658953,-5295.99609375,-2.7053514986463023,TORNTPHARM.NS,TORNTPHARM.NS,2026-10-01,2026-10-01T13:38+05:30,True,Monitor,45.0,Price is above the 200dma; relative strength is above its 50-day average,"[100.0,96.87,98.66,97.54,97.38,96.61,98.29,97.23,99.42,100.11,100.3,101.52,104.85,102.4,99.53,98.12,97.3,97.05,96.61,96.84,98.98,98.48,99.32,102.82,101.56,101.32,101.25,103.71,104.42,105.15,106.92,106.17,104.97,105.86,106.94,107.6,107.26,102.74,107.31,107.77,108.86,110.74,108.36,108.25,105.41,104.32,104.52,109.43,106.72,106.8,106.15,105.76,104.8,104.08,103.2,103.1,103.33,102.37,103.68,105.54,106.41,105.78,103.37,103.1,103.6,102.9,105.3,106.12,105.96,105.24,106.98,104.42,103.63,105.29,106.03,105.97,106.35,107.11,106.85,106.0,106.35,104.68,107.51,106.76,107.24,108.81,110.42,109.43,111.15,109.77]",3.477571441923022,8.40930182187547,True,40.7,"Falling P&F column, wait for reversal",False,True,-3.594391408938724,7.340367789558178,-7.052780090233101,
INDIANB ,243.0,797.73,795.9500122070312,193848.39,193415.8529663086,-432.5370336914202,-0.2231316100646594,170.10296630859375,0.0880241693846262,INDIANB.NS,INDIANB.NS,2026-10-01,2026-10-01T13:38+05:30,True,Risk review,0.0,Rsi is weak or oversold; p&f shows a bearish breakdown,"[100.0,98.71,98.61,100.06,98.45,100.33,103.62,101.88,102.86,103.94,106.57,105.16,105.04,105.07,104.16,103.98,106.48,106.05,105.27,103.8,102.95,102.33,101.57,99.77,99.59,99.43,98.22,96.4,94.52,94.4,94.14,95.37,103.45,99.94,99.41,98.8,97.81,99.61,102.11,101.45,99.28,100.34,100.09,99.44,99.59,98.19,98.45,99.13,99.06,99.53,100.58,103.92,105.02,103.67,102.59,104.85,104.62,105.16,103.44,103.06,102.82,102.12,102.7,101.88,102.32,103.78,103.35,102.87,104.29,103.67,104.06,104.95,104.12,103.34,101.98,102.15,102.5,102.14,102.26,102.64,101.72,100.76,100.92,100.91,100.48,101.66,102.16,100.05,100.19,101.77]",-0.2337420330090989,3.6172756803264594,False,23.68,Bearish P&F breakdown,False,False,-7.1747694073780455,-6.585990222637639,-18.03210596792546,
JSWHL ,9.0,12726.77,11250.0,114540.93,101250.0,-13290.930000000008,-11.603651201365317,2250.0,2.2727272727272707,JSWHL.NS,JSWHL.NS,2026-10-01,2026-10-01T13:38+05:30,True,Risk review,15.0,Relative strength is above its 50-day average; rsi is in a constructive momentum zone; p&f shows a bearish breakdown,"[100.0,99.16,100.03,106.18,105.08,102.08,101.85,101.53,102.48,101.59,101.36,100.92,100.79,100.04,100.03,102.62,101.73,102.32,99.95,99.78,98.18,97.25,97.36,96.69,96.69,95.99,97.96,97.8,95.89,92.85,90.58,87.86,87.78,88.97,87.84,87.24,87.74,86.31,86.33,85.54,86.01,84.88,86.47,86.43,86.1,86.98,87.52,87.62,92.53,94.2,95.36,93.94,93.26,91.28,91.9,88.85,89.4,91.64,90.96,88.88,87.63,88.29,86.84,85.81,87.61,90.72,90.07,88.65,91.66,90.48,88.99,89.9,89.19,88.78,89.31,88.85,89.96,89.99,88.04,87.76,88.6,88.91,88.32,88.44,88.83,89.43,89.22,90.3,91.03,94.5]",5.698404319597317,-3.5335596773819034,True,48.59,Bearish P&F breakdown,False,False,-1.5832413318892957,-19.589441557606126,-49.24430408301376,
ACUTAAS ,72.0,771.79,3178.39990234375,55568.88,228844.79296875,173275.91296875,311.8218559898094,-7272.0,-3.0798317682395604,ACUTAAS.NS,ACUTAAS.NS,2026-10-01,2026-10-01T13:38+05:30,True,Risk review,20.0,Price is above the 200dma; relative strength is above its 50-day average; p&f shows a bearish breakdown,"[100.0,98.8,104.7,102.14,102.72,106.63,107.16,113.13,113.77,108.41,110.25,108.43,106.49,103.43,99.49,99.31,103.49,107.0,106.72,108.61,108.01,109.69,119.05,117.16,117.72,121.21,121.46,115.02,110.97,114.71,113.31,110.08,112.95,112.44,114.96,116.49,118.0,118.48,118.82,119.62,114.31,107.6,109.77,107.26,106.86,104.86,100.25,99.54,103.48,105.34,105.16,106.09,104.85,103.62,100.43,98.85,103.58,102.28,108.83,103.6,102.56,101.12,101.19,105.2,103.61,105.99,104.23,99.92,101.69,101.14,102.99,102.18,103.03,102.81,105.32,112.54,110.32,108.76,111.35,109.39,112.55,112.09,105.16,106.24,109.66,109.56,109.28,113.5,112.67,110.84]",4.693178382558427,-8.745649644055753,True,44.4,Bearish P&F breakdown,False,True,-2.3201880031323396,18.187511101471877,-13.906633315234584,
LUPIN ,30.0,2295.08,2020.699951171875,68852.4,60620.99853515625,-8231.401464843744,-11.955140946203391,-285.0,-0.4679342049297319,LUPIN.NS,LUPIN.NS,2026-10-01,2026-10-01T13:38+05:30,True,Risk review,0.0,Rsi is weak or oversold; p&f shows a bearish breakdown,"[100.0,100.38,101.51,102.53,101.89,102.98,102.03,103.23,103.59,102.78,103.46,105.53,103.99,101.68,101.29,100.73,102.84,103.81,102.92,104.65,104.78,104.32,107.66,107.64,105.95,105.51,109.01,109.2,109.14,109.36,109.83,108.22,107.88,107.47,108.21,108.85,107.45,108.34,109.62,106.13,106.82,105.56,105.97,105.12,106.69,105.91,105.19,103.11,104.33,103.37,103.77,102.56,99.12,98.14,98.0,96.46,96.52,97.46,96.62,96.3,94.87,94.78,94.12,93.18,93.75,92.69,93.04,93.33,93.04,93.8,92.53,91.79,91.96,91.74,92.03,91.39,92.14,92.68,91.84,93.33,91.86,93.7,94.17,92.23,94.57,94.41,94.49,95.02,94.02,94.98]",-1.7677072210457445,-12.869000574437294,False,30.27,Bearish P&F breakdown,False,False,-8.205913163260792,-10.133888479952146,-19.6476892024277,
AARTIPHARM ,63.0,868.02,931.0,54685.26,58653.0,3967.739999999998,7.255593189097022,-1433.25,-2.3853211009174258,AARTIPHARM.NS,AARTIPHARM.NS,2026-10-01,2026-10-01T13:38+05:30,True,Leader / hold,100.0,Price is above the 50dma; price is above the 200dma; relative strength is above its 50-day average; rsi is in a constructive momentum zone; p&f shows a bullish breakout,"[100.0,94.26,92.47,94.95,93.85,92.39,95.24,93.31,90.89,92.59,93.46,94.25,94.85,93.49,92.75,93.75,94.93,99.63,97.28,102.89,102.52,100.31,98.44,98.72,101.17,100.01,101.45,100.85,100.01,99.57,100.62,100.34,101.35,100.78,101.71,101.88,100.84,98.82,99.16,96.07,95.26,97.18,97.46,96.01,96.44,95.53,94.11,94.31,96.75,95.75,97.55,96.4,114.87,123.26,123.66,121.3,119.06,120.44,122.62,116.93,115.74,113.88,117.48,115.82,116.26,113.16,116.66,116.77,121.1,122.24,122.03,121.0,122.06,122.39,117.76,117.64,117.8,115.13,118.54,119.43,117.46,121.21,126.56,133.87,136.55,137.67,135.99,146.25,143.4,142.13]",22.128465995705504,40.09688411292167,True,60.88,Bullish P&F breakout,True,True,13.498792221057677,27.063555968729446,-4.260897689880794,
BAJAJHCARE ,198.0,544.82,319.3500061035156,107874.36000000002,63231.301208496094,-44643.05879150392,-41.38430929416769,-3098.6987915039062,-4.671639969099816,BAJAJHCARE.NS,BAJAJHCARE.NS,2026-10-01,2026-10-01T13:38+05:30,True,Risk review,25.0,Relative strength is above its 50-day average,"[100.0,100.39,100.91,100.81,99.28,101.19,101.39,99.55,99.57,99.5,98.82,99.9,97.77,102.67,99.75,100.18,98.86,104.43,102.96,104.16,103.67,102.51,100.87,117.44,116.55,113.69,112.19,113.07,109.91,108.29,111.08,114.48,112.66,110.69,112.74,117.61,120.98,121.69,125.03,119.13,105.48,104.79,106.54,103.99,104.45,105.16,105.98,108.43,108.52,107.5,106.64,105.98,105.89,105.31,104.7,104.09,105.1,105.21,103.12,103.22,102.24,103.92,102.56,102.35,101.44,103.63,101.97,102.08,105.3,105.2,105.94,104.43,103.47,106.28,108.58,108.21,108.47,109.2,107.13,107.18,108.56,108.34,110.02,110.19,114.98,117.16,115.44,114.64,115.29,111.57]",4.544167355813533,-0.5523196551772247,True,41.23,"Falling P&F column, wait for reversal",False,False,-2.6797883476110784,-4.793306890942384,-34.00663902811903,
ENRIN ,72.0,3070.6,3304.0,221083.2,237888.0,16804.800000000017,7.601120302221073,7488.0,3.2499999999999973,ENRIN.NS,ENRIN.NS,2026-10-01,2026-10-01T13:38+05:30,True,Leader / hold,80.0,Price is above the 50dma; price is above the 200dma; relative strength is above its 50-day average; rsi is in a constructive momentum zone,"[100.0,108.68,113.43,110.23,107.39,109.88,109.83,108.67,105.27,105.38,103.19,103.67,107.03,103.95,105.02,109.82,109.41,110.76,111.21,110.19,107.9,107.37,104.8,107.26,105.27,102.14,94.55,98.1,96.62,97.75,98.71,100.06,96.42,96.55,99.35,97.01,96.74,96.4,95.54,96.64,96.35,93.74,93.26,90.67,89.82,88.72,91.43,91.15,93.11,92.52,91.93,102.88,99.88,99.71,99.43,99.18,99.22,101.07,101.06,97.94,96.18,96.08,97.42,94.32,92.71,90.87,90.26,89.49,89.07,88.2,88.97,88.06,88.61,90.62,90.65,90.85,90.91,88.39,87.92,89.85,92.49,92.12,92.71,91.6,94.04,97.14,94.95,96.24,96.28,100.9]",7.7758817230862975,6.721400659104693,True,55.48,"Rising P&F column, no fresh breakout yet",True,True,0.5397621381476148,6.97625658695733,-14.671627368314066,
NH ,135.0,1822.64,1727.0,246056.4,233145.0,-12911.400000000023,-5.24733353816443,-8694.003295898438,-3.5949549813770187,NH.NS,NH.NS,2026-10-01,2026-10-01T13:38+05:30,True,Risk review,0.0,Rsi is weak or oversold; p&f shows a bearish breakdown,"[100.0,101.44,101.57,103.38,104.95,108.07,105.9,107.4,105.77,105.19,105.18,103.36,102.89,100.35,99.22,97.9,98.95,99.36,100.38,102.49,103.85,104.36,101.87,105.11,103.75,104.63,105.64,104.97,105.15,105.42,104.77,105.3,105.67,104.67,105.95,106.12,106.4,105.57,103.81,103.45,105.35,104.12,107.66,108.41,107.61,108.47,105.36,98.6,99.05,98.2,97.77,97.52,94.25,94.91,93.79,93.57,94.34,94.04,93.04,92.13,92.43,93.17,95.37,96.5,96.29,97.47,98.68,96.96,99.87,99.75,97.38,96.38,99.56,98.58,98.77,100.13,98.0,101.46,99.12,99.08,101.38,99.73,99.03,100.35,100.76,100.14,99.43,98.8,98.89,96.78]",-2.010722018458133,-8.383101460425513,False,32.11,Bearish P&F breakdown,False,False,-8.538681449998542,-6.716749967526647,-16.968706038287696,
FORTIS ,72.0,919.26,776.5,66186.72,55908.0,-10278.72,-15.529882731762507,468.0,0.8441558441558472,FORTIS.NS,FORTIS.NS,2026-10-01,2026-10-01T13:38+05:30,True,Risk review,0.0,Relative strength is below its 50-day average; rsi is weak or oversold; p&f shows a bearish breakdown,"[100.0,99.33,97.43,98.7,98.68,99.32,100.0,103.37,106.54,105.32,106.75,107.63,105.28,102.79,101.02,98.7,99.32,99.66,100.62,101.15,101.2,99.64,99.56,99.82,98.32,100.5,100.59,100.7,99.86,98.39,97.86,98.38,97.76,98.95,99.33,98.29,97.49,96.78,98.31,97.48,97.91,98.43,96.53,96.65,96.71,96.7,95.9,94.37,94.09,93.29,93.26,96.57,94.9,93.83,90.09,90.5,93.47,91.35,92.46,91.89,92.05,90.97,92.01,92.2,91.35,91.62,92.51,90.11,92.13,92.78,92.78,91.73,92.62,92.21,93.43,92.48,90.98,92.11,91.06,91.83,91.03,91.82,92.14,91.36,92.02,88.1,88.7,88.68,83.08,84.98]",-8.023082609794018,-15.51498724810606,False,20.88,Bearish P&F breakdown,False,False,-14.198396143976854,-14.76850006627891,-29.244631790025146,
OBEROIRLTY ,72.0,1824.43,1739.4000244140625,131358.96,125236.8017578125,-6122.158242187492,-4.66063239400456,-1692.0,-1.3330307830593413,OBEROIRLTY.NS,OBEROIRLTY.NS,2026-10-01,2026-10-01T13:38+05:30,True,Monitor,45.0,Price is above the 200dma; relative strength is above its 50-day average,"[100.0,98.4,98.26,100.6,98.39,99.85,98.18,97.43,97.89,96.81,97.56,96.47,96.73,96.88,98.32,99.8,98.92,98.57,97.84,97.92,99.59,102.15,102.51,103.19,103.64,104.99,107.94,112.12,112.71,110.0,109.5,108.2,109.86,109.7,109.82,107.88,106.67,108.92,107.57,107.39,106.71,106.05,106.11,105.43,105.03,104.77,103.85,104.16,104.93,100.76,102.32,101.16,100.79,101.11,101.07,101.18,103.54,104.31,109.01,105.24,105.88,107.39,106.23,105.26,105.36,104.98,105.25,104.84,104.24,106.34,106.26,108.01,106.76,105.61,104.58,103.22,103.14,100.2,98.07,100.3,101.31,103.0,105.09,106.52,106.17,108.23,109.75,109.73,106.81,106.89]",2.1276100280430255,-0.9796772274231591,True,40.21,"Falling P&F column, wait for reversal",False,True,-4.784600896147229,3.2988942520047138,-10.935837402729698,
MARICO ,90.0,655.15,771.9500122070312,58963.5,69475.50109863281,10512.001098632812,17.827980188816493,-1264.4989013671875,-1.787530253558367,MARICO.NS,MARICO.NS,2026-10-01,2026-10-01T13:38+05:30,True,Risk review,0.0,Rsi is weak or oversold; p&f shows a bearish breakdown,"[100.0,100.38,100.42,99.67,100.27,100.87,101.13,100.75,101.49,100.78,103.06,102.76,101.4,98.88,98.14,97.44,99.02,98.47,97.56,99.49,99.01,100.36,102.47,101.59,102.68,102.76,100.79,100.28,101.42,102.0,103.02,100.9,100.05,100.8,100.07,99.75,100.61,101.34,100.85,103.1,103.09,103.27,102.33,105.04,103.84,105.45,103.25,103.36,103.14,100.42,101.88,101.85,101.33,100.26,100.02,100.9,101.74,100.09,99.2,100.17,100.71,99.54,99.11,98.84,97.31,97.47,96.79,95.22,98.62,98.28,97.78,96.56,95.87,97.78,97.12,96.17,96.06,96.78,99.07,98.95,96.53,99.01,99.68,99.4,101.07,100.64,101.47,99.25,99.11,98.79]",-1.0025672805854424,-1.9838815321804204,False,32.42,Bearish P&F breakdown,False,False,-7.6282934205434305,-3.091971207005151,-12.814136138287257,
NELCAST ,567.0,141.58,119.6500015258789,80275.86,67841.55086517334,-12434.30913482666,-15.489474836926892,408.2406921386719,0.6053991582070095,NELCAST.NS,NELCAST.NS,2026-10-01,2026-10-01T13:38+05:30,True,Constructive,60.0,Price is above the 50dma; relative strength is above its 50-day average; rsi is in a constructive momentum zone,"[100.0,99.5,99.85,103.41,105.75,104.1,102.63,104.66,105.28,107.08,107.14,104.21,103.38,103.83,101.77,101.41,100.53,99.76,99.52,101.07,101.49,101.64,96.98,99.98,99.33,98.16,106.06,103.3,101.72,101.02,100.34,96.51,99.67,96.07,94.56,94.17,95.0,92.15,91.75,101.13,97.05,97.32,98.23,84.13,83.72,83.16,82.6,86.72,85.77,88.27,89.43,88.93,89.42,88.19,86.15,84.36,83.42,83.44,82.76,84.04,83.3,82.44,83.19,81.98,80.73,81.18,82.49,84.24,82.66,82.51,83.94,84.55,83.49,82.25,81.64,81.91,79.37,78.33,77.3,76.51,78.83,78.37,77.83,78.8,76.97,80.41,87.65,87.69,90.34,92.26]",9.562019163563008,-13.01809156955317,True,59.19,"Rising P&F column, no fresh breakout yet",True,False,2.040295538993897,-1.6995160387123676,-24.912175182716602,
LAURUSLABS ,108.0,667.81,1965.0,72123.48,212220.0,140096.52000000002,194.24536919183603,-1620.0,-0.7575757575757569,LAURUSLABS.NS,LAURUSLABS.NS,2026-10-01,2026-10-01T13:38+05:30,True,Leader / hold,100.0,Price is above the 50dma; price is above the 200dma; relative strength is above its 50-day average; rsi is in a constructive momentum zone; p&f shows a bullish breakout,"[100.0,100.49,100.55,103.76,103.28,104.74,106.75,108.63,106.45,106.64,105.22,106.49,104.28,102.49,100.94,100.16,99.77,102.87,104.16,108.41,106.15,106.46,110.57,111.36,108.84,110.81,111.99,110.54,106.79,107.77,109.08,109.96,111.26,112.04,111.28,111.83,110.17,111.58,113.72,113.92,114.48,116.75,123.36,126.36,127.17,127.59,129.53,127.8,131.14,130.06,130.37,131.05,130.83,131.02,130.14,129.98,126.39,127.84,128.59,127.69,128.77,127.01,126.86,130.88,132.57,135.69,136.0,133.73,131.73,132.83,132.79,131.07,134.25,138.95,139.0,140.09,141.81,141.73,140.12,141.89,141.1,145.71,144.92,146.08,149.36,148.31,150.88,150.05,150.14,151.19]",12.432830108631098,35.003474234192055,True,54.75,Bullish P&F breakout,True,True,4.432591693451071,44.165686862011434,-3.4218277082565196,
BHARTIARTL ,162.0,1798.02,1734.800048828125,291279.24,281037.60791015625,-10241.63208984374,-3.51608720547463,-3596.39208984375,-1.263514580072567,BHARTIARTL.NS,BHARTIARTL.NS,2026-10-01,2026-10-01T13:38+05:30,True,Risk review,0.0,Rsi is weak or oversold,"[100.0,100.21,100.45,100.66,100.81,101.93,101.2,100.43,102.23,100.19,100.28,101.53,101.4,101.05,101.09,102.03,101.65,103.49,103.43,103.55,101.94,101.08,100.94,101.11,101.45,101.15,103.19,103.55,103.55,103.02,103.95,102.15,100.99,103.41,102.16,102.64,102.26,103.31,103.45,104.68,104.85,104.26,103.33,102.92,104.87,105.57,105.94,104.73,105.2,105.61,104.54,104.9,103.28,101.73,103.07,102.53,106.11,104.79,103.28,102.6,103.2,103.32,102.67,102.86,100.66,99.5,99.48,95.31,100.06,99.99,100.05,98.73,99.9,99.13,98.09,99.77,99.34,101.41,101.64,100.73,102.98,99.57,98.86,99.17,99.71,99.38,100.12,101.16,100.36,100.58]",-1.2384276034252406,-2.5368172207451356,False,31.61,"Falling P&F column, wait for reversal",False,False,-7.88890755720999,-8.156837034279175,-18.77592712382802,
INDHOTEL ,189.0,733.74,717.5499877929688,138676.86000000002,135616.9476928711,-3059.9123071289214,-2.206505329821371,-2097.9069213867188,-1.523370102130961,INDHOTEL.NS,INDHOTEL.NS,2026-10-01,2026-10-01T13:38+05:30,True,Constructive,60.0,Price is above the 200dma; relative strength is above its 50-day average; rsi is in a constructive momentum zone,"[100.0,101.53,100.99,101.05,103.33,103.07,103.45,103.22,103.34,104.35,105.71,104.96,106.24,106.41,106.47,106.87,108.26,110.32,111.17,111.31,111.21,111.11,109.43,110.03,110.02,109.76,111.1,112.05,113.23,111.35,111.15,112.96,110.71,110.55,111.74,110.29,110.08,108.99,109.66,109.91,110.99,111.39,110.94,110.84,110.67,112.7,110.61,111.42,111.65,110.3,110.11,109.08,107.99,107.21,106.96,106.39,106.92,106.81,107.03,107.65,109.04,108.05,107.82,107.51,106.37,106.11,104.07,108.21,106.69,108.9,109.24,107.7,107.59,107.91,108.92,108.26,108.67,110.44,110.17,111.15,111.11,112.99,111.67,112.17,112.82,112.79,112.04,113.74,116.03,115.95]",5.761120420244503,4.3652988846968555,True,46.6,"Falling P&F column, wait for reversal",False,True,-1.3759766836170417,4.5486246843696065,-4.639101946723767,
JINDALPOLY ,126.0,696.46,653.9500122070312,87753.96,82397.70153808594,-5356.258461914069,-6.103722797141085,-2690.096923828125,-3.161554268009692,JINDALPOLY.NS,JINDALPOLY.NS,2026-10-01,2026-10-01T13:38+05:30,True,Monitor,45.0,Price is above the 200dma; relative strength is above its 50-day average,"[100.0,96.95,99.14,96.87,96.4,94.66,94.65,95.46,94.53,93.53,97.01,102.88,108.37,108.78,105.52,102.09,97.11,97.41,96.74,93.96,90.52,92.94,91.37,90.97,88.28,86.33,86.64,87.15,87.81,86.77,92.44,95.76,99.35,94.94,93.37,93.56,94.63,91.81,92.25,92.48,90.45,90.07,89.89,88.49,87.56,87.96,87.25,87.37,85.3,85.67,85.89,87.2,85.22,85.79,85.86,90.7,88.46,87.04,90.96,88.67,87.51,86.94,86.93,86.77,87.72,87.16,86.73,86.29,85.28,95.05,94.6,93.99,92.64,96.73,94.4,93.79,94.36,93.52,104.98,105.6,102.29,100.35,103.59,100.86,99.36,99.78,99.22,98.65,99.04,97.36]",5.887043357713639,12.367627361840139,True,40.98,"Falling P&F column, wait for reversal",False,True,-1.389843901722576,2.042490304400202,-35.098250491049534,
ACE ,117.0,1031.65,1199.199951171875,120703.05000000002,140306.39428710938,19603.34428710936,16.240968465261943,-772.21142578125,-0.5473625301860241,ACE.NS,ACE.NS,2026-10-01,2026-10-01T13:38+05:30,True,Leader / hold,100.0,Price is above the 50dma; price is above the 200dma; relative strength is above its 50-day average; rsi is in a constructive momentum zone; p&f shows a bullish breakout,"[100.0,100.55,101.75,100.86,100.87,101.1,100.55,100.34,104.35,103.41,103.34,102.9,105.42,107.49,105.8,105.35,108.6,109.86,109.66,113.3,113.89,113.06,111.99,112.08,116.01,112.42,113.82,110.96,112.3,111.39,109.69,109.1,109.17,108.62,106.87,111.01,111.25,109.77,109.57,114.1,112.31,110.32,117.0,118.01,119.51,115.86,116.89,117.84,120.4,120.22,124.49,122.48,120.04,121.31,116.83,119.03,116.84,118.51,121.45,129.65,129.23,126.83,128.63,126.92,125.02,125.7,123.33,123.53,119.71,119.48,120.01,125.9,123.98,123.15,123.76,125.08,124.89,125.75,128.78,130.75,135.81,137.27,137.43,138.72,139.28,141.47,140.18,140.76,141.4,142.77]",13.767451955055598,25.431693112801646,True,56.94,Bullish P&F breakout,True,True,5.783035550358928,24.980261129231064,-4.346439025349524,
AETHER ,99.0,1310.96,1639.5,129785.04,162310.5,32525.459999999992,25.061023982425084,-5920.204833984375,-3.519098870700588,AETHER.NS,AETHER.NS,2026-10-01,2026-10-01T13:38+05:30,True,Leader / hold,80.0,Price is above the 50dma; price is above the 200dma; relative strength is above its 50-day average; rsi is in a constructive momentum zone,"[100.0,99.67,101.48,104.38,102.74,107.14,107.04,106.98,107.82,106.37,106.9,108.19,107.0,106.18,108.12,107.95,105.34,105.94,111.41,114.02,124.02,121.79,123.83,124.87,121.07,124.59,123.59,123.17,120.35,129.78,134.6,134.34,129.82,129.4,132.39,134.75,133.0,129.98,129.54,132.22,131.17,130.3,133.4,131.73,133.22,133.67,137.46,133.33,140.06,141.03,141.31,141.58,141.12,144.26,142.02,138.84,143.86,142.0,144.96,145.51,144.37,143.52,147.07,143.45,145.55,147.66,149.02,147.85,149.14,146.88,147.21,144.96,145.02,146.78,144.72,147.89,150.99,145.76,147.57,148.01,147.34,148.24,148.6,148.19,151.91,163.46,163.37,166.1,161.31,158.01]",8.812759946163284,27.854667273319023,True,48.32,"Falling P&F column, wait for reversal",True,True,1.1789822221359936,32.64495427285008,-7.187323146576119,
HCLTECH ,81.0,1575.01,1233.300048828125,127575.81,99897.30395507812,-27678.506044921876,-21.69573216499419,267.303955078125,0.2682966526930785,HCLTECH.NS,HCLTECH.NS,2026-10-01,2026-10-01T13:38+05:30,True,Risk review,25.0,Relative strength is above its 50-day average,"[100.0,100.21,103.34,105.61,109.83,104.72,103.33,102.51,103.17,101.48,101.65,100.51,98.13,97.65,100.51,100.89,100.13,97.43,96.97,96.04,96.14,95.56,96.07,93.01,89.14,92.45,97.8,96.95,99.85,99.36,98.44,98.42,103.08,99.03,98.88,100.81,103.57,104.43,105.68,106.72,108.53,110.7,111.45,113.16,114.64,115.73,114.75,116.05,116.0,114.3,113.61,115.15,114.4,115.01,114.74,114.87,114.88,111.81,109.91,112.15,111.12,109.67,111.24,110.23,108.97,107.7,110.3,109.46,114.23,113.35,111.97,110.06,109.61,108.87,105.42,103.84,103.76,110.15,110.06,109.48,107.76,110.51,109.61,107.81,109.5,111.05,112.28,110.68,111.42,113.36]",1.84510927361774,15.91365419100308,True,42.97,"Rising P&F column, no fresh breakout yet",False,False,-5.032433987317086,-6.755846548245625,-26.605302998100232,
AARTIIND ,131.0,505.97,465.3500061035156,66282.07,60960.85079956055,-5321.21920043946,-8.02814275480452,-596.0484008789062,-0.9682885405550956,AARTIIND.NS,AARTIIND.NS,2026-10-01,2026-10-01T13:38+05:30,True,Risk review,0.0,Price is above the 200dma; p&f shows a bearish breakdown,"[100.0,101.22,103.15,99.33,99.67,99.38,98.68,97.47,97.41,92.85,93.39,93.27,92.78,93.33,104.1,103.18,99.24,100.42,99.91,99.9,98.2,96.46,96.92,95.44,95.27,96.53,99.01,100.3,100.02,97.96,96.71,95.91,98.04,97.92,98.21,101.53,102.64,100.75,100.44,100.98,101.42,98.86,98.68,99.13,97.01,98.17,97.42,98.8,97.28,96.73,97.56,101.13,101.05,100.04,100.92,105.78,107.0,106.97,105.39,106.43,105.79,103.93,105.25,108.36,107.05,108.04,107.34,107.37,103.72,105.19,101.97,101.02,99.27,99.42,101.82,100.86,102.82,100.7,97.84,98.68,98.52,100.65,102.44,101.67,100.15,102.39,102.61,101.49,101.11,101.65]",-0.24796647934876015,2.6571589115953698,False,35.28,Bearish P&F breakdown,False,True,-7.13414212627792,2.6310666310328745,-14.153540325953983,
KPL ,36.0,1598.33,3530.10009765625,57539.88,127083.603515625,69543.723515625,120.8617805870033,-3420.0,-2.620617291683081,KPL.NS,KPL.NS,2026-10-01,2026-10-01T13:38+05:30,False,Not downloaded,,Technical data was not available for this stock in the latest refresh.,,,,,,,,,,,,Not enough daily price history
ARVIND ,99.0,564.17,526.75,55852.83,52148.25,-3704.5799999999945,-6.632752539128267,-1851.3012084960935,-3.428364064264333,ARVIND.NS,ARVIND.NS,2026-10-01,2026-10-01T13:38+05:30,True,Monitor,45.0,Price is above the 200dma; relative strength is above its 50-day average,"[100.0,101.47,99.96,99.05,101.49,106.0,103.27,106.22,105.06,105.85,106.12,106.2,107.04,104.82,104.29,103.19,103.21,105.49,106.61,104.57,108.22,115.05,113.88,114.79,122.13,115.77,116.75,117.12,111.98,110.45,109.25,109.34,106.74,110.14,109.97,109.78,108.98,109.4,107.68,107.35,106.9,106.23,108.96,106.82,104.13,104.69,102.86,103.74,105.78,109.98,109.51,110.27,112.9,110.14,113.46,113.03,110.55,114.62,110.59,105.78,103.75,107.8,107.27,106.17,107.2,107.92,107.83,108.05,109.98,111.73,115.95,114.21,112.54,115.37,118.54,117.03,117.25,118.34,115.7,115.14,112.71,114.0,111.13,110.1,112.5,119.14,115.92,116.54,118.16,115.95]",4.370213896094888,-0.6863192996249823,True,42.08,"Falling P&F column, wait for reversal",False,True,-2.9858905780767775,20.421921424014066,-9.467138454676993,
THERMAX ,18.0,4265.07,3345.39990234375,76771.26,60217.1982421875,-16554.061757812495,-21.56283713177626,979.1982421875,1.652990043869651,THERMAX.NS,THERMAX.NS,2026-10-01,2026-10-01T13:38+05:30,True,Risk review,0.0,Relative strength is below its 50-day average; rsi is weak or oversold; p&f shows a bearish breakdown,"[100.0,99.49,102.88,113.36,114.98,114.39,110.75,112.38,111.8,109.68,109.35,109.95,107.85,108.93,107.79,106.55,107.58,105.48,105.51,108.73,108.28,107.01,109.25,116.4,116.69,115.01,109.88,103.52,105.94,105.32,104.46,107.14,106.39,103.0,97.28,100.75,101.77,103.88,104.33,106.91,105.42,103.4,101.84,99.23,98.18,96.71,94.22,95.02,89.99,88.07,89.15,87.98,89.26,88.48,87.83,88.88,86.91,88.5,90.52,89.48,88.27,88.07,86.53,86.84,86.8,86.26,86.23,85.62,84.3,85.68,82.74,82.1,80.17,80.17,80.15,80.79,81.24,82.05,81.0,80.47,80.44,79.36,79.96,77.6,77.0,77.69,78.82,78.61,77.21,79.67]",-7.810392378540165,-27.496819629797375,False,27.96,Bearish P&F breakdown,False,False,-13.740202842031712,-11.711292177190558,-34.89557261169956,
ECLERX ,36.0,1997.13,1791.800048828125,71896.68000000001,64504.8017578125,-7391.878242187508,-10.281251153999747,795.603515625,1.2488047842017291,ECLERX.NS,ECLERX.NS,2026-10-01,2026-10-01T13:38+05:30,True,Monitor,45.0,Price is above the 200dma; relative strength is above its 50-day average,"[100.0,98.19,96.46,95.81,94.82,97.54,93.06,90.62,89.18,90.33,91.19,88.87,88.1,89.86,89.29,90.65,91.66,90.84,88.91,90.52,87.23,87.59,88.75,85.34,83.69,83.59,86.84,93.05,93.22,93.42,93.27,96.94,99.8,102.17,106.17,105.6,108.74,122.72,115.67,118.2,120.99,118.7,116.83,112.27,117.35,119.93,117.8,113.29,116.73,117.1,117.0,114.81,108.2,107.1,108.98,109.61,112.94,115.46,112.42,110.14,111.8,109.61,110.21,110.58,113.52,117.61,117.55,118.15,118.89,120.28,123.02,120.67,116.9,116.36,119.55,118.82,117.84,117.82,120.02,124.2,120.62,119.12,121.36,119.68,119.01,119.98,120.84,117.36,115.56,118.8]",2.0061977461143243,36.802475891597176,True,39.04,"Falling P&F column, wait for reversal",False,True,-4.945437131993458,1.129942764667513,-27.495703567170015,
